TIME,DATE,voltage,current,power
14:17:57,04/04/2025,74.3,1.1,81.8
14:17:59,04/04/2025,74.4,1.101,82.0
14:18:00,04/04/2025,74.3,1.1,82.0
14:18:01,04/04/2025,74.3,1.1,82.0
14:18:03,04/04/2025,74.3,1.1,82.0
14:18:04,04/04/2025,74.3,1.1,82.0
14:18:07,04/04/2025,74.3,1.1,82.0
14:18:07,04/04/2025,74.3,1.1,82.0
14:18:09,04/04/2025,74.3,1.1,82.0
14:18:10,04/04/2025,74.3,1.1,82.0
14:18:11,04/04/2025,74.3,1.1,82.0
14:18:12,04/04/2025,74.3,1.1,82.0
14:18:14,04/04/2025,74.3,1.1,82.0
14:18:17,04/04/2025,74.3,1.1,82.0
14:18:21,04/04/2025,74.3,1.1,82.0
14:18:24,04/04/2025,74.3,1.1,82.0
14:18:24,04/04/2025,74.3,1.1,82.0
14:18:25,04/04/2025,74.3,1.1,82.0
14:18:28,04/04/2025,74.3,1.1,82.0
14:18:29,04/04/2025,74.3,1.1,82.0
14:18:30,04/04/2025,74.3,1.1,82.0
14:18:34,04/04/2025,74.3,1.1,82.0
14:18:38,04/04/2025,74.3,1.1,82.0
14:18:40,04/04/2025,74.3,1.1,82.0
14:18:41,04/04/2025,74.3,1.1,82.0
14:18:42,04/04/2025,74.3,1.1,82.0
14:18:46,04/04/2025,74.3,1.1,82.0
14:18:47,04/04/2025,74.3,1.1,82.0
14:18:48,04/04/2025,74.3,1.1,82.0
14:18:49,04/04/2025,74.3,1.1,82.0
14:18:51,04/04/2025,74.3,1.1,82.0
14:18:53,04/04/2025,74.3,1.1,82.0
14:18:54,04/04/2025,74.3,1.1,82.0
14:18:55,04/04/2025,74.3,1.1,82.0
14:18:56,04/04/2025,74.3,1.1,82.0
14:18:59,04/04/2025,74.3,1.1,82.0
14:19:00,04/04/2025,74.3,1.1,82.0
14:19:01,04/04/2025,74.3,1.1,82.0
14:19:02,04/04/2025,74.3,1.1,82.0
14:19:04,04/04/2025,74.3,1.1,82.0
14:19:05,04/04/2025,74.3,1.1,82.0
14:19:06,04/04/2025,74.3,1.1,82.0
14:19:07,04/04/2025,74.3,1.1,82.0
14:19:09,04/04/2025,74.3,1.1,82.0
14:19:11,04/04/2025,74.3,1.1,82.0
14:19:13,04/04/2025,74.3,1.1,82.0
14:19:14,04/04/2025,74.3,1.1,82.0
14:19:15,04/04/2025,74.3,1.1,82.0
14:19:19,04/04/2025,74.3,1.1,82.0
14:19:20,04/04/2025,74.4,1.102,82.2
14:19:22,04/04/2025,74.4,1.102,82.1
14:19:23,04/04/2025,74.3,1.101,82.0
14:19:24,04/04/2025,74.3,1.101,81.9
14:19:25,04/04/2025,74.3,1.1,81.9
14:19:27,04/04/2025,74.3,1.101,81.9
14:19:30,04/04/2025,74.3,1.1,81.8
14:19:31,04/04/2025,74.2,1.099,81.8
14:19:32,04/04/2025,74.2,1.099,81.8
14:19:33,04/04/2025,74.2,1.099,81.8
14:19:35,04/04/2025,74.2,1.099,81.8
14:19:37,04/04/2025,74.3,1.099,81.8
14:19:39,04/04/2025,74.3,1.099,81.8
14:19:41,04/04/2025,74.2,1.099,81.7
14:19:42,04/04/2025,74.3,1.1,81.8
14:19:45,04/04/2025,74.3,1.1,81.8
14:19:47,04/04/2025,74.3,1.099,81.8
14:19:51,04/04/2025,74.2,1.099,81.8
14:19:52,04/04/2025,74.3,1.099,81.8
14:19:53,04/04/2025,74.2,1.098,81.7
14:19:54,04/04/2025,74.2,1.098,81.8
14:19:56,04/04/2025,74.2,1.099,81.7
14:19:57,04/04/2025,74.2,1.098,81.6
14:19:59,04/04/2025,74.2,1.098,81.6
14:20:01,04/04/2025,74.1,1.097,81.5
14:20:02,04/04/2025,74.1,1.097,81.5
14:20:04,04/04/2025,74.2,1.097,81.5
14:20:05,04/04/2025,74.2,1.097,81.5
14:20:06,04/04/2025,74.2,1.098,81.6
14:20:09,04/04/2025,74.1,1.097,81.5
14:20:11,04/04/2025,74.2,1.097,81.6
14:20:11,04/04/2025,74.1,1.097,81.5
14:20:13,04/04/2025,74.2,1.097,81.6
14:20:14,04/04/2025,74.2,1.098,81.6
14:20:15,04/04/2025,74.2,1.098,81.6
14:20:17,04/04/2025,74.2,1.097,81.6
14:20:18,04/04/2025,74.2,1.097,81.6
14:20:20,04/04/2025,74.1,1.096,81.4
14:20:21,04/04/2025,74.1,1.096,81.3
14:20:23,04/04/2025,74.1,1.096,81.4
14:20:23,04/04/2025,74.1,1.096,81.4
14:20:24,04/04/2025,74.1,1.096,81.4
14:20:28,04/04/2025,74.1,1.096,81.4
14:20:29,04/04/2025,74.1,1.096,81.4
14:20:30,04/04/2025,74.2,1.097,81.5
14:20:32,04/04/2025,74.1,1.096,81.4
14:20:32,04/04/2025,74.1,1.096,81.4
14:20:35,04/04/2025,74.1,1.096,81.4
14:20:36,04/04/2025,74.1,1.096,81.4
14:20:37,04/04/2025,74.1,1.096,81.4
14:20:38,04/04/2025,74.1,1.096,81.4
14:20:40,04/04/2025,74.1,1.095,81.3
14:20:41,04/04/2025,74.1,1.095,81.2
14:20:44,04/04/2025,74.2,1.096,81.4
14:20:46,04/04/2025,74.2,1.097,81.5
14:20:47,04/04/2025,74.2,1.097,81.5
14:20:48,04/04/2025,74.2,1.097,81.6
14:20:52,04/04/2025,74.2,1.096,81.4
14:20:53,04/04/2025,74.2,1.096,81.5
14:20:55,04/04/2025,74.1,1.096,81.4
14:20:56,04/04/2025,74.1,1.096,81.4
14:20:56,04/04/2025,74.1,1.096,81.4
14:20:58,04/04/2025,74.1,1.096,81.4
14:20:59,04/04/2025,74.1,1.096,81.3
14:21:02,04/04/2025,74.1,1.096,81.3
14:21:03,04/04/2025,74.1,1.096,81.4
14:21:05,04/04/2025,74.2,1.096,81.5
14:21:05,04/04/2025,74.1,1.096,81.4
14:21:06,04/04/2025,74.2,1.096,81.4
14:21:08,04/04/2025,74.1,1.096,81.4
14:21:09,04/04/2025,74.1,1.096,81.4
14:21:10,04/04/2025,74.1,1.096,81.3
14:21:12,04/04/2025,74.1,1.095,81.3
14:21:13,04/04/2025,74.0,1.094,81.1
14:21:16,04/04/2025,74.1,1.095,81.2
14:21:17,04/04/2025,74.1,1.095,81.3
14:21:17,04/04/2025,74.1,1.095,81.3
14:21:19,04/04/2025,74.1,1.095,81.3
14:21:20,04/04/2025,74.1,1.096,81.4
14:21:21,04/04/2025,74.1,1.095,81.3
14:21:22,04/04/2025,74.1,1.095,81.3
14:21:27,04/04/2025,74.0,1.094,81.2
14:21:28,04/04/2025,74.1,1.095,81.3
14:21:29,04/04/2025,74.1,1.095,81.3
14:21:30,04/04/2025,74.1,1.095,81.4
14:21:31,04/04/2025,74.1,1.095,81.3
14:21:32,04/04/2025,74.0,1.094,81.2
14:21:34,04/04/2025,74.1,1.094,81.2
14:21:35,04/04/2025,74.0,1.094,81.2
14:21:36,04/04/2025,74.0,1.094,81.1
14:21:37,04/04/2025,74.0,1.093,81.0
14:21:40,04/04/2025,74.0,1.094,81.1
14:21:41,04/04/2025,74.0,1.094,81.1
14:21:42,04/04/2025,74.0,1.094,81.1
14:21:43,04/04/2025,74.0,1.094,81.1
14:21:44,04/04/2025,74.1,1.095,81.2
14:21:45,04/04/2025,74.0,1.094,81.1
14:21:47,04/04/2025,74.1,1.094,81.2
14:21:49,04/04/2025,74.1,1.095,81.2
14:21:50,04/04/2025,74.1,1.095,81.3
14:21:53,04/04/2025,74.1,1.095,81.3
14:21:55,04/04/2025,74.0,1.094,81.2
14:21:56,04/04/2025,74.1,1.094,81.3
14:21:57,04/04/2025,74.1,1.094,81.2
14:21:59,04/04/2025,74.0,1.093,81.1
14:22:02,04/04/2025,74.0,1.093,81.0
14:22:04,04/04/2025,74.0,1.093,81.1
14:22:04,04/04/2025,74.0,1.093,81.0
14:22:06,04/04/2025,74.0,1.093,81.1
14:22:07,04/04/2025,74.0,1.093,81.1
14:22:09,04/04/2025,74.0,1.092,81.0
14:22:11,04/04/2025,74.0,1.093,81.0
14:22:12,04/04/2025,73.9,1.092,81.0
14:22:13,04/04/2025,73.9,1.092,80.9
14:22:14,04/04/2025,74.0,1.093,80.9
14:22:16,04/04/2025,74.0,1.093,81.0
14:22:18,04/04/2025,74.0,1.093,81.0
14:22:19,04/04/2025,73.9,1.092,80.8
14:22:20,04/04/2025,74.0,1.093,81.0
14:22:21,04/04/2025,74.0,1.093,81.0
14:22:22,04/04/2025,74.0,1.093,81.0
14:22:25,04/04/2025,74.0,1.092,81.0
14:22:26,04/04/2025,74.0,1.092,81.0
14:22:27,04/04/2025,74.0,1.093,81.0
14:22:28,04/04/2025,74.0,1.093,81.1
14:22:31,04/04/2025,74.0,1.093,81.0
14:22:32,04/04/2025,74.0,1.093,81.0
14:22:33,04/04/2025,74.0,1.092,80.9
14:22:34,04/04/2025,74.0,1.092,80.8
14:22:36,04/04/2025,73.9,1.092,80.9
14:22:37,04/04/2025,73.9,1.091,80.7
14:22:38,04/04/2025,73.9,1.091,80.9
14:22:40,04/04/2025,73.9,1.091,80.8
14:22:41,04/04/2025,73.9,1.092,80.8
14:22:43,04/04/2025,74.0,1.092,80.9
14:22:45,04/04/2025,73.9,1.092,80.9
14:22:47,04/04/2025,73.9,1.092,81.0
14:22:49,04/04/2025,74.0,1.092,81.0
14:22:50,04/04/2025,74.0,1.092,81.0
14:22:51,04/04/2025,74.0,1.092,80.9
14:22:53,04/04/2025,74.0,1.093,81.0
14:22:53,04/04/2025,74.0,1.092,80.9
14:22:55,04/04/2025,74.0,1.092,80.9
14:22:56,04/04/2025,74.0,1.092,80.8
14:22:57,04/04/2025,73.9,1.091,80.7
14:22:59,04/04/2025,73.9,1.091,80.8
14:23:00,04/04/2025,73.9,1.092,80.9
14:23:01,04/04/2025,73.9,1.091,80.8
14:23:03,04/04/2025,73.9,1.092,80.9
14:23:04,04/04/2025,73.9,1.092,80.9
14:23:09,04/04/2025,73.9,1.091,80.8
14:23:10,04/04/2025,74.0,1.093,80.9
14:23:11,04/04/2025,74.1,1.093,81.1
14:23:12,04/04/2025,74.1,1.094,81.2
14:23:14,04/04/2025,74.1,1.094,81.2
14:23:15,04/04/2025,74.1,1.094,81.2
14:23:16,04/04/2025,74.1,1.094,81.3
14:23:17,04/04/2025,74.1,1.094,81.3
14:23:19,04/04/2025,74.1,1.094,81.3
14:23:21,04/04/2025,74.1,1.094,81.2
14:23:22,04/04/2025,74.1,1.094,81.1
14:23:24,04/04/2025,74.1,1.093,81.1
14:23:24,04/04/2025,74.1,1.093,81.0
14:23:26,04/04/2025,74.1,1.094,81.2
14:23:27,04/04/2025,74.1,1.094,81.2
14:23:28,04/04/2025,74.1,1.094,81.2
14:23:29,04/04/2025,74.1,1.094,81.3
14:23:30,04/04/2025,74.1,1.094,81.3
14:23:33,04/04/2025,74.1,1.093,81.2
14:23:34,04/04/2025,74.1,1.093,81.2
14:23:35,04/04/2025,74.1,1.093,81.2
14:23:36,04/04/2025,74.1,1.093,81.1
14:23:37,04/04/2025,74.1,1.093,81.0
14:23:40,04/04/2025,74.1,1.093,81.0
14:23:42,04/04/2025,74.0,1.092,81.1
14:23:45,04/04/2025,74.0,1.092,81.0
14:23:46,04/04/2025,74.0,1.092,81.0
14:23:47,04/04/2025,74.0,1.092,80.9
14:23:49,04/04/2025,74.0,1.092,80.9
14:23:51,04/04/2025,74.0,1.091,80.8
14:23:52,04/04/2025,74.0,1.092,81.0
14:23:53,04/04/2025,74.0,1.091,80.9
14:23:54,04/04/2025,74.0,1.091,80.9
14:23:56,04/04/2025,73.9,1.091,80.9
14:23:57,04/04/2025,73.9,1.091,80.8
14:23:58,04/04/2025,74.0,1.091,80.9
14:24:00,04/04/2025,74.0,1.091,80.8
14:24:01,04/04/2025,74.0,1.092,80.9
14:24:03,04/04/2025,74.0,1.091,80.8
14:24:06,04/04/2025,74.0,1.091,80.9
14:24:06,04/04/2025,74.0,1.091,80.9
14:24:08,04/04/2025,73.9,1.09,80.9
14:24:09,04/04/2025,73.9,1.09,80.8
14:24:10,04/04/2025,73.9,1.091,80.9
14:24:11,04/04/2025,73.9,1.091,80.8
14:24:15,04/04/2025,74.0,1.091,80.8
14:24:17,04/04/2025,74.0,1.091,80.8
14:24:18,04/04/2025,73.9,1.091,80.8
14:24:19,04/04/2025,74.0,1.091,80.9
14:24:21,04/04/2025,74.0,1.091,80.9
14:24:23,04/04/2025,74.0,1.091,80.8
14:24:25,04/04/2025,73.9,1.091,80.8
14:24:28,04/04/2025,73.9,1.091,80.8
14:24:29,04/04/2025,73.9,1.09,80.8
14:24:30,04/04/2025,73.9,1.09,80.7
14:24:31,04/04/2025,73.9,1.09,80.7
14:24:35,04/04/2025,73.9,1.09,80.7
14:24:37,04/04/2025,73.9,1.09,80.7
14:24:38,04/04/2025,73.9,1.09,80.7
14:24:39,04/04/2025,73.9,1.09,80.7
14:24:41,04/04/2025,73.9,1.09,80.7
14:24:42,04/04/2025,73.9,1.09,80.8
14:24:45,04/04/2025,74.0,1.091,80.8
14:24:47,04/04/2025,73.9,1.09,80.8
14:24:47,04/04/2025,73.9,1.09,80.7
14:24:50,04/04/2025,73.9,1.089,80.6
14:24:53,04/04/2025,73.9,1.09,80.6
14:24:54,04/04/2025,73.9,1.089,80.6
14:24:56,04/04/2025,73.9,1.09,80.7
14:24:57,04/04/2025,73.9,1.09,80.7
14:25:00,04/04/2025,74.0,1.091,80.8
14:25:02,04/04/2025,73.9,1.09,80.8
14:25:03,04/04/2025,74.0,1.09,80.8
14:25:05,04/04/2025,73.9,1.09,80.8
14:25:06,04/04/2025,73.9,1.09,80.8
14:25:07,04/04/2025,74.0,1.09,80.8
14:25:08,04/04/2025,73.9,1.09,80.8
14:25:09,04/04/2025,73.9,1.09,80.8
14:25:10,04/04/2025,74.0,1.09,80.8
14:25:12,04/04/2025,73.9,1.09,80.8
14:25:15,04/04/2025,74.0,1.091,80.8
14:25:17,04/04/2025,73.9,1.09,80.8
14:25:18,04/04/2025,74.0,1.09,80.8
14:25:18,04/04/2025,74.0,1.09,80.8
14:25:20,04/04/2025,74.0,1.091,80.8
14:25:22,04/04/2025,73.9,1.09,80.7
14:25:23,04/04/2025,73.9,1.09,80.7
14:25:24,04/04/2025,73.9,1.09,80.7
14:25:25,04/04/2025,73.9,1.089,80.6
14:25:26,04/04/2025,73.9,1.089,80.6
14:25:29,04/04/2025,74.0,1.091,80.8
14:25:33,04/04/2025,74.0,1.09,80.8
14:25:34,04/04/2025,74.0,1.091,80.8
14:25:35,04/04/2025,74.0,1.091,80.9
14:25:37,04/04/2025,74.0,1.091,80.8
14:25:38,04/04/2025,74.0,1.091,80.9
14:25:40,04/04/2025,74.0,1.091,80.9
14:25:41,04/04/2025,74.0,1.091,80.9
14:25:42,04/04/2025,74.0,1.091,80.9
14:25:44,04/04/2025,74.0,1.091,80.9
14:25:45,04/04/2025,74.0,1.09,80.8
14:25:46,04/04/2025,74.0,1.091,80.9
14:25:47,04/04/2025,74.0,1.091,80.9
14:25:48,04/04/2025,74.0,1.091,81.0
14:25:50,04/04/2025,74.0,1.091,81.0
14:25:51,04/04/2025,74.0,1.091,80.9
14:25:52,04/04/2025,74.0,1.091,80.9
14:25:54,04/04/2025,74.0,1.09,80.8
14:25:57,04/04/2025,74.0,1.09,80.8
14:25:59,04/04/2025,74.0,1.09,80.8
14:26:00,04/04/2025,74.0,1.09,80.8
14:26:02,04/04/2025,74.0,1.09,80.7
14:26:03,04/04/2025,74.0,1.091,80.8
14:26:04,04/04/2025,74.0,1.091,80.9
14:26:05,04/04/2025,74.0,1.091,80.9
14:26:06,04/04/2025,74.0,1.091,80.9
14:26:07,04/04/2025,74.0,1.09,80.8
14:26:09,04/04/2025,74.0,1.091,80.8
14:26:12,04/04/2025,74.1,1.091,80.9
14:26:13,04/04/2025,74.0,1.091,80.9
14:26:14,04/04/2025,74.0,1.091,80.9
14:26:16,04/04/2025,74.1,1.091,81.0
14:26:17,04/04/2025,74.0,1.091,80.9
14:26:18,04/04/2025,74.0,1.091,80.9
14:26:20,04/04/2025,74.0,1.091,80.9
14:26:24,04/04/2025,74.1,1.091,81.0
14:26:26,04/04/2025,74.1,1.091,81.0
14:26:27,04/04/2025,74.1,1.091,80.9
14:26:28,04/04/2025,74.0,1.091,80.9
14:26:29,04/04/2025,74.0,1.091,80.8
14:26:33,04/04/2025,74.0,1.091,80.9
14:26:34,04/04/2025,74.0,1.09,80.8
14:26:34,04/04/2025,74.0,1.09,80.8
14:26:36,04/04/2025,74.0,1.091,80.9
14:26:38,04/04/2025,74.0,1.091,80.9
14:26:39,04/04/2025,74.0,1.09,80.9
14:26:42,04/04/2025,74.1,1.091,81.0
14:26:44,04/04/2025,74.0,1.091,80.9
14:26:46,04/04/2025,74.0,1.09,80.8
14:26:48,04/04/2025,74.0,1.09,80.7
14:26:51,04/04/2025,74.1,1.091,80.9
14:26:52,04/04/2025,74.1,1.091,81.0
14:26:53,04/04/2025,74.1,1.091,81.0
14:26:54,04/04/2025,74.1,1.092,81.1
14:26:55,04/04/2025,74.1,1.092,81.1
14:26:59,04/04/2025,74.0,1.091,81.0
14:27:01,04/04/2025,74.0,1.091,80.9
14:27:02,04/04/2025,74.0,1.091,80.9
14:27:04,04/04/2025,74.0,1.09,80.9
14:27:05,04/04/2025,74.0,1.091,80.9
14:27:06,04/04/2025,74.1,1.091,81.0
14:27:07,04/04/2025,74.1,1.091,80.9
14:27:08,04/04/2025,74.0,1.09,80.8
14:27:10,04/04/2025,74.1,1.091,81.0
14:27:11,04/04/2025,74.1,1.091,80.9
14:27:12,04/04/2025,74.1,1.091,80.9
14:27:14,04/04/2025,74.1,1.091,80.9
14:27:18,04/04/2025,74.1,1.091,81.0
14:27:20,04/04/2025,74.1,1.091,81.0
14:27:21,04/04/2025,74.1,1.091,80.9
14:27:22,04/04/2025,74.1,1.091,80.9
14:27:25,04/04/2025,74.1,1.091,81.0
14:27:25,04/04/2025,74.1,1.091,81.0
14:27:27,04/04/2025,74.2,1.092,81.2
14:27:28,04/04/2025,74.1,1.092,81.2
14:27:30,04/04/2025,74.1,1.092,81.1
14:27:31,04/04/2025,74.1,1.091,81.0
14:27:32,04/04/2025,74.1,1.092,81.1
14:27:33,04/04/2025,74.1,1.091,81.0
14:27:35,04/04/2025,74.1,1.091,81.0
14:27:36,04/04/2025,74.1,1.091,81.0
14:27:37,04/04/2025,74.1,1.091,80.9
14:27:39,04/04/2025,74.1,1.091,81.0
14:27:41,04/04/2025,74.1,1.092,81.1
14:27:42,04/04/2025,74.2,1.092,81.1
14:27:43,04/04/2025,74.2,1.092,81.1
14:27:44,04/04/2025,74.2,1.092,81.2
14:27:45,04/04/2025,74.1,1.092,81.1
14:27:48,04/04/2025,74.1,1.091,81.0
14:27:50,04/04/2025,74.1,1.091,81.0
14:27:52,04/04/2025,74.1,1.091,81.0
14:27:52,04/04/2025,74.1,1.091,81.1
14:27:53,04/04/2025,74.1,1.091,81.0
14:27:55,04/04/2025,74.1,1.091,81.1
14:27:57,04/04/2025,74.1,1.091,81.0
14:28:00,04/04/2025,74.1,1.091,81.0
14:28:01,04/04/2025,74.1,1.091,81.0
14:28:03,04/04/2025,74.1,1.09,80.9
14:28:04,04/04/2025,74.1,1.09,80.9
14:28:04,04/04/2025,74.1,1.09,80.9
14:28:06,04/04/2025,74.1,1.09,80.9
14:28:07,04/04/2025,74.0,1.09,80.8
14:28:08,04/04/2025,74.0,1.09,80.8
14:28:10,04/04/2025,74.0,1.09,80.8
14:28:11,04/04/2025,74.1,1.09,80.9
14:28:12,04/04/2025,74.1,1.09,80.9
14:28:13,04/04/2025,74.1,1.09,80.9
14:28:14,04/04/2025,74.0,1.09,80.9
14:28:15,04/04/2025,74.1,1.09,80.9
14:28:17,04/04/2025,74.1,1.091,81.0
14:28:18,04/04/2025,74.1,1.091,80.9
14:28:19,04/04/2025,74.1,1.09,80.9
14:28:20,04/04/2025,74.1,1.091,81.0
14:28:21,04/04/2025,74.1,1.09,80.9
14:28:23,04/04/2025,74.0,1.09,80.9
14:28:25,04/04/2025,74.0,1.09,80.8
14:28:27,04/04/2025,74.0,1.089,80.9
14:28:28,04/04/2025,74.1,1.09,80.8
14:28:29,04/04/2025,74.0,1.089,80.8
14:28:31,04/04/2025,74.0,1.089,80.8
14:28:32,04/04/2025,74.0,1.089,80.7
14:28:33,04/04/2025,74.0,1.089,80.8
14:28:34,04/04/2025,74.0,1.089,80.8
14:28:35,04/04/2025,74.0,1.089,80.8
14:28:36,04/04/2025,74.0,1.089,80.8
14:28:38,04/04/2025,74.0,1.089,80.8
14:28:39,04/04/2025,74.0,1.089,80.8
14:28:40,04/04/2025,74.0,1.089,80.7
14:28:43,04/04/2025,74.0,1.089,80.8
14:28:45,04/04/2025,74.1,1.09,80.9
14:28:47,04/04/2025,74.0,1.089,80.7
14:28:48,04/04/2025,74.0,1.089,80.7
14:28:49,04/04/2025,74.0,1.089,80.8
14:28:50,04/04/2025,74.0,1.089,80.7
14:28:52,04/04/2025,74.0,1.089,80.8
14:28:53,04/04/2025,74.0,1.089,80.7
14:28:55,04/04/2025,74.1,1.09,80.9
14:28:56,04/04/2025,74.1,1.09,80.9
14:28:57,04/04/2025,74.0,1.089,80.8
14:28:59,04/04/2025,74.0,1.089,80.9
14:29:01,04/04/2025,74.0,1.089,80.8
14:29:02,04/04/2025,74.0,1.089,80.8
14:29:03,04/04/2025,74.0,1.089,80.8
14:29:04,04/04/2025,74.1,1.09,80.9
14:29:06,04/04/2025,74.0,1.089,80.8
14:29:08,04/04/2025,74.0,1.089,80.8
14:29:10,04/04/2025,73.9,1.087,80.5
14:29:11,04/04/2025,73.9,1.086,80.3
14:29:12,04/04/2025,73.8,1.087,80.3
14:29:13,04/04/2025,73.9,1.086,80.3
14:29:14,04/04/2025,73.9,1.086,80.3
14:29:18,04/04/2025,73.9,1.086,80.5
14:29:21,04/04/2025,73.8,1.086,80.4
14:29:23,04/04/2025,73.8,1.086,80.4
14:29:24,04/04/2025,73.9,1.087,80.4
14:29:29,04/04/2025,73.8,1.086,80.3
14:29:30,04/04/2025,73.8,1.086,80.4
14:29:31,04/04/2025,73.8,1.086,80.4
14:29:33,04/04/2025,73.9,1.086,80.4
14:29:34,04/04/2025,73.9,1.086,80.5
14:29:36,04/04/2025,73.8,1.086,80.3
14:29:37,04/04/2025,73.6,1.083,79.9
14:29:39,04/04/2025,73.7,1.084,80.0
14:29:40,04/04/2025,73.8,1.085,80.1
14:29:41,04/04/2025,73.8,1.085,80.1
14:29:42,04/04/2025,73.8,1.085,80.2
14:29:45,04/04/2025,73.8,1.085,80.3
14:29:46,04/04/2025,73.8,1.085,80.3
14:29:47,04/04/2025,73.8,1.085,80.2
14:29:50,04/04/2025,73.8,1.085,80.1
14:29:51,04/04/2025,73.8,1.085,80.1
14:29:52,04/04/2025,73.8,1.084,80.1
14:29:54,04/04/2025,73.8,1.085,80.2
14:29:55,04/04/2025,73.8,1.085,80.2
14:29:57,04/04/2025,73.8,1.085,80.2
14:30:00,04/04/2025,73.7,1.084,80.2
14:30:01,04/04/2025,73.8,1.085,80.2
14:30:02,04/04/2025,73.8,1.085,80.1
14:30:03,04/04/2025,73.8,1.085,80.1
14:30:04,04/04/2025,73.8,1.085,80.2
14:30:05,04/04/2025,73.8,1.085,80.2
14:30:06,04/04/2025,73.8,1.085,80.2
14:30:08,04/04/2025,73.8,1.084,80.1
14:30:09,04/04/2025,73.8,1.084,80.0
14:30:11,04/04/2025,73.7,1.084,80.1
14:30:15,04/04/2025,73.7,1.084,80.1
14:30:16,04/04/2025,73.7,1.083,80.0
14:30:17,04/04/2025,73.7,1.084,80.0
14:30:18,04/04/2025,73.7,1.084,80.1
14:30:19,04/04/2025,73.7,1.084,80.1
14:30:22,04/04/2025,73.8,1.085,80.1
14:30:24,04/04/2025,73.8,1.085,80.2
14:30:25,04/04/2025,73.8,1.084,80.2
14:30:26,04/04/2025,73.8,1.085,80.3
14:30:28,04/04/2025,73.8,1.085,80.3
14:30:30,04/04/2025,73.8,1.085,80.2
14:30:31,04/04/2025,73.8,1.085,80.3
14:30:32,04/04/2025,73.8,1.085,80.3
14:30:33,04/04/2025,73.9,1.085,80.2
14:30:34,04/04/2025,73.9,1.085,80.3
14:30:35,04/04/2025,73.8,1.085,80.3
14:30:36,04/04/2025,73.8,1.084,80.1
14:30:38,04/04/2025,73.8,1.084,80.1
14:30:39,04/04/2025,73.8,1.084,80.1
14:30:40,04/04/2025,73.8,1.084,80.2
14:30:41,04/04/2025,73.8,1.084,80.2
14:30:42,04/04/2025,73.9,1.085,80.3
14:30:43,04/04/2025,73.9,1.085,80.3
14:30:44,04/04/2025,73.9,1.085,80.3
14:30:46,04/04/2025,73.9,1.085,80.3
14:30:48,04/04/2025,73.9,1.085,80.3
14:30:51,04/04/2025,73.9,1.085,80.3
14:30:53,04/04/2025,73.9,1.085,80.4
14:30:54,04/04/2025,73.9,1.085,80.3
14:30:55,04/04/2025,73.9,1.085,80.3
14:30:57,04/04/2025,73.9,1.085,80.3
14:30:58,04/04/2025,73.9,1.085,80.3
14:30:59,04/04/2025,73.8,1.083,80.1
14:31:01,04/04/2025,73.7,1.083,80.0
14:31:03,04/04/2025,73.7,1.083,80.0
14:31:04,04/04/2025,73.7,1.082,79.9
14:31:05,04/04/2025,73.7,1.083,80.0
14:31:06,04/04/2025,73.8,1.084,80.1
14:31:08,04/04/2025,73.8,1.083,80.1
14:31:10,04/04/2025,73.8,1.084,80.1
14:31:10,04/04/2025,73.8,1.084,80.1
14:31:12,04/04/2025,73.8,1.083,80.1
14:31:15,04/04/2025,73.8,1.084,80.2
14:31:16,04/04/2025,73.8,1.084,80.2
14:31:19,04/04/2025,73.8,1.084,80.2
14:31:20,04/04/2025,73.8,1.084,80.2
14:31:21,04/04/2025,73.8,1.083,80.1
14:31:22,04/04/2025,73.8,1.083,80.1
14:31:23,04/04/2025,73.8,1.083,80.1
14:31:25,04/04/2025,73.8,1.083,80.1
14:31:27,04/04/2025,73.8,1.084,80.1
14:31:28,04/04/2025,73.8,1.084,80.2
14:31:29,04/04/2025,73.8,1.084,80.2
14:31:30,04/04/2025,73.8,1.084,80.2
14:31:31,04/04/2025,73.8,1.083,80.1
14:31:33,04/04/2025,73.7,1.082,80.0
14:31:35,04/04/2025,73.8,1.083,80.0
14:31:36,04/04/2025,73.8,1.082,80.0
14:31:37,04/04/2025,73.8,1.082,80.0
14:31:38,04/04/2025,73.7,1.082,79.9
14:31:41,04/04/2025,73.7,1.082,79.9
14:31:41,04/04/2025,73.7,1.082,80.0
14:31:42,04/04/2025,73.8,1.082,80.0
14:31:44,04/04/2025,73.8,1.083,80.0
14:31:45,04/04/2025,73.8,1.082,79.9
14:31:46,04/04/2025,73.8,1.083,80.0
14:31:47,04/04/2025,73.7,1.083,80.0
14:31:48,04/04/2025,73.8,1.083,80.0
14:31:50,04/04/2025,73.8,1.083,80.0
14:31:51,04/04/2025,73.8,1.082,80.0
14:31:52,04/04/2025,73.8,1.082,80.0
14:31:54,04/04/2025,73.8,1.083,80.0
14:31:56,04/04/2025,73.8,1.082,80.0
14:31:57,04/04/2025,73.8,1.082,80.0
14:31:58,04/04/2025,73.8,1.083,80.1
14:32:00,04/04/2025,73.8,1.083,80.1
14:32:01,04/04/2025,73.7,1.082,80.0
14:32:02,04/04/2025,73.8,1.083,79.9
14:32:04,04/04/2025,73.7,1.082,79.9
14:32:04,04/04/2025,73.7,1.081,79.8
14:32:05,04/04/2025,73.7,1.082,79.9
14:32:09,04/04/2025,73.6,1.08,79.8
14:32:11,04/04/2025,73.7,1.082,79.9
14:32:13,04/04/2025,73.7,1.082,79.9
14:32:14,04/04/2025,73.8,1.082,80.0
14:32:15,04/04/2025,73.7,1.082,79.9
14:32:16,04/04/2025,73.7,1.082,79.9
14:32:19,04/04/2025,73.7,1.082,79.9
14:32:20,04/04/2025,73.8,1.082,79.9
14:32:21,04/04/2025,73.7,1.082,80.0
14:32:22,04/04/2025,73.8,1.083,80.0
14:32:24,04/04/2025,73.7,1.082,79.9
14:32:27,04/04/2025,73.7,1.081,79.8
14:32:29,04/04/2025,73.7,1.081,79.9
14:32:30,04/04/2025,73.7,1.082,79.9
14:32:32,04/04/2025,73.7,1.082,79.9
14:32:33,04/04/2025,73.7,1.081,79.9
14:32:34,04/04/2025,73.7,1.081,79.8
14:32:36,04/04/2025,73.7,1.081,79.7
14:32:37,04/04/2025,73.7,1.081,79.8
14:32:39,04/04/2025,73.7,1.081,79.7
14:32:40,04/04/2025,73.7,1.081,79.8
14:32:40,04/04/2025,73.7,1.081,79.7
14:32:43,04/04/2025,73.7,1.081,79.8
14:32:44,04/04/2025,73.7,1.081,79.8
14:32:45,04/04/2025,73.7,1.081,79.8
14:32:46,04/04/2025,73.7,1.081,79.8
14:32:47,04/04/2025,73.6,1.081,79.7
14:32:48,04/04/2025,73.7,1.081,79.8
14:32:53,04/04/2025,73.7,1.081,79.8
14:32:56,04/04/2025,73.7,1.081,79.9
14:32:57,04/04/2025,73.7,1.082,79.9
14:32:58,04/04/2025,73.8,1.083,80.0
14:32:59,04/04/2025,73.8,1.082,80.0
14:33:01,04/04/2025,73.8,1.082,79.9
14:33:02,04/04/2025,73.8,1.082,80.0
14:33:03,04/04/2025,73.7,1.081,79.9
14:33:04,04/04/2025,73.7,1.082,79.8
14:33:09,04/04/2025,73.8,1.082,79.9
14:33:10,04/04/2025,73.8,1.082,80.0
14:33:12,04/04/2025,73.8,1.081,79.9
14:33:13,04/04/2025,73.7,1.081,79.9
14:33:14,04/04/2025,73.7,1.082,79.9
14:33:15,04/04/2025,73.8,1.082,80.0
14:33:17,04/04/2025,73.8,1.082,80.0
14:33:18,04/04/2025,73.8,1.083,80.1
14:33:20,04/04/2025,73.8,1.082,80.0
14:33:21,04/04/2025,73.8,1.082,80.0
14:33:23,04/04/2025,73.8,1.082,80.0
14:33:25,04/04/2025,73.8,1.082,80.0
14:33:26,04/04/2025,73.8,1.082,80.0
14:33:27,04/04/2025,73.7,1.081,79.9
14:33:29,04/04/2025,73.8,1.082,79.9
14:33:30,04/04/2025,73.7,1.081,79.9
14:33:31,04/04/2025,73.8,1.082,79.9
14:33:32,04/04/2025,73.8,1.082,79.9
14:33:33,04/04/2025,73.7,1.081,79.8
14:33:35,04/04/2025,73.7,1.081,79.8
14:33:37,04/04/2025,73.7,1.08,79.7
14:33:38,04/04/2025,73.7,1.08,79.7
14:33:39,04/04/2025,73.7,1.081,79.8
14:33:40,04/04/2025,73.7,1.081,79.8
14:33:41,04/04/2025,73.7,1.08,79.7
14:33:42,04/04/2025,73.7,1.08,79.7
14:33:44,04/04/2025,73.7,1.081,79.8
14:33:45,04/04/2025,73.6,1.08,79.7
14:33:46,04/04/2025,73.7,1.08,79.8
14:33:50,04/04/2025,73.7,1.08,79.8
14:33:53,04/04/2025,73.6,1.079,79.6
14:33:54,04/04/2025,73.6,1.079,79.6
14:33:56,04/04/2025,73.7,1.08,79.7
14:33:58,04/04/2025,73.9,1.083,80.5
14:34:00,04/04/2025,73.7,1.08,79.7
14:34:01,04/04/2025,73.7,1.08,79.7
14:34:02,04/04/2025,73.7,1.08,79.7
14:34:04,04/04/2025,73.7,1.081,79.8
14:34:04,04/04/2025,73.7,1.081,79.9
14:34:05,04/04/2025,73.7,1.08,79.8
14:34:08,04/04/2025,73.7,1.081,79.8
14:34:08,04/04/2025,73.7,1.081,79.9
14:34:10,04/04/2025,73.7,1.081,79.8
14:34:11,04/04/2025,73.7,1.081,79.8
14:34:12,04/04/2025,73.7,1.08,79.8
14:34:13,04/04/2025,73.7,1.081,79.9
14:34:15,04/04/2025,73.7,1.081,79.9
14:34:16,04/04/2025,73.7,1.082,79.9
14:34:17,04/04/2025,73.7,1.081,79.9
14:34:21,04/04/2025,73.8,1.081,79.8
14:34:23,04/04/2025,73.7,1.081,79.8
14:34:24,04/04/2025,73.8,1.081,79.9
14:34:25,04/04/2025,73.8,1.081,79.9
14:34:26,04/04/2025,73.8,1.082,79.9
14:34:28,04/04/2025,73.8,1.081,80.0
14:34:30,04/04/2025,73.8,1.081,79.9
14:34:31,04/04/2025,73.8,1.081,79.9
14:34:33,04/04/2025,73.7,1.081,79.8
14:34:34,04/04/2025,73.7,1.08,79.8
14:34:36,04/04/2025,73.7,1.081,79.8
14:34:37,04/04/2025,73.7,1.08,79.8
14:34:39,04/04/2025,73.7,1.08,79.8
14:34:40,04/04/2025,73.7,1.081,79.8
14:34:41,04/04/2025,73.7,1.081,80.0
14:34:43,04/04/2025,73.7,1.081,79.9
14:34:44,04/04/2025,73.7,1.081,79.8
14:34:45,04/04/2025,73.7,1.081,79.8
14:34:46,04/04/2025,73.7,1.08,79.7
14:34:48,04/04/2025,73.7,1.081,79.7
14:34:50,04/04/2025,73.7,1.08,79.7
14:34:50,04/04/2025,73.7,1.08,79.8
14:34:52,04/04/2025,73.7,1.08,79.7
14:34:53,04/04/2025,73.7,1.08,79.7
14:34:55,04/04/2025,73.7,1.08,79.8
14:34:57,04/04/2025,73.7,1.081,79.8
14:34:58,04/04/2025,73.7,1.08,79.8
14:34:59,04/04/2025,73.7,1.08,79.7
14:35:00,04/04/2025,73.7,1.08,79.7
14:35:01,04/04/2025,73.7,1.08,79.7
14:35:06,04/04/2025,73.7,1.08,79.7
14:35:09,04/04/2025,73.6,1.079,79.6
14:35:10,04/04/2025,73.6,1.079,79.7
14:35:12,04/04/2025,73.6,1.079,79.6
14:35:14,04/04/2025,73.7,1.079,79.7
14:35:15,04/04/2025,73.6,1.079,79.7
14:35:18,04/04/2025,73.6,1.079,79.6
14:35:18,04/04/2025,73.6,1.079,79.6
14:35:19,04/04/2025,73.6,1.079,79.5
14:35:21,04/04/2025,73.6,1.078,79.5
14:35:25,04/04/2025,73.6,1.079,79.6
14:35:27,04/04/2025,73.7,1.08,79.7
14:35:28,04/04/2025,73.7,1.079,79.7
14:35:29,04/04/2025,73.6,1.079,79.6
14:35:30,04/04/2025,73.6,1.079,79.6
14:35:32,04/04/2025,73.6,1.079,79.6
14:35:33,04/04/2025,73.6,1.079,79.6
14:35:34,04/04/2025,73.6,1.078,79.5
14:35:36,04/04/2025,73.6,1.079,79.5
14:35:37,04/04/2025,73.6,1.078,79.5
14:35:39,04/04/2025,73.6,1.079,79.5
14:35:42,04/04/2025,73.6,1.079,79.6
14:35:44,04/04/2025,73.6,1.078,79.4
14:35:45,04/04/2025,73.5,1.078,79.4
14:35:47,04/04/2025,73.5,1.077,79.4
14:35:47,04/04/2025,73.6,1.077,79.3
14:35:48,04/04/2025,73.5,1.077,79.3
14:35:50,04/04/2025,73.5,1.077,79.3
14:35:51,04/04/2025,73.5,1.077,79.3
14:35:53,04/04/2025,73.5,1.077,79.3
14:35:54,04/04/2025,73.5,1.077,79.3
14:35:56,04/04/2025,73.5,1.077,79.4
14:36:00,04/04/2025,73.5,1.077,79.3
14:36:02,04/04/2025,73.6,1.078,79.4
14:36:03,04/04/2025,73.6,1.078,79.5
14:36:04,04/04/2025,73.6,1.078,79.4
14:36:05,04/04/2025,73.6,1.078,79.4
14:36:06,04/04/2025,73.5,1.077,79.4
14:36:08,04/04/2025,73.5,1.077,79.3
14:36:10,04/04/2025,73.5,1.076,79.3
14:36:11,04/04/2025,73.6,1.078,79.4
14:36:13,04/04/2025,73.5,1.077,79.4
14:36:18,04/04/2025,73.5,1.076,79.2
14:36:19,04/04/2025,73.5,1.077,79.3
14:36:19,04/04/2025,73.5,1.077,79.3
14:36:22,04/04/2025,73.4,1.076,79.1
14:36:23,04/04/2025,73.4,1.076,79.1
14:36:25,04/04/2025,73.4,1.076,79.2
14:36:27,04/04/2025,73.4,1.075,79.1
14:36:28,04/04/2025,73.4,1.076,79.2
14:36:29,04/04/2025,73.4,1.076,79.2
14:36:34,04/04/2025,73.3,1.074,78.8
14:36:35,04/04/2025,73.5,1.076,79.2
14:36:36,04/04/2025,73.4,1.075,79.0
14:36:38,04/04/2025,73.4,1.075,79.1
14:36:41,04/04/2025,73.4,1.076,79.1
14:36:42,04/04/2025,73.5,1.076,79.3
14:36:44,04/04/2025,73.5,1.077,79.3
14:36:45,04/04/2025,73.5,1.077,79.3
14:36:47,04/04/2025,73.5,1.077,79.3
14:36:49,04/04/2025,73.5,1.076,79.3
14:36:51,04/04/2025,73.5,1.077,79.2
14:36:52,04/04/2025,73.5,1.077,79.3
14:36:53,04/04/2025,73.6,1.077,79.3
14:36:54,04/04/2025,74.4,1.09,81.3
14:36:55,04/04/2025,74.4,1.089,81.2
14:36:57,04/04/2025,74.4,1.09,81.2
14:36:57,04/04/2025,74.4,1.091,81.3
14:36:59,04/04/2025,74.4,1.091,81.3
14:37:01,04/04/2025,74.4,1.091,81.3
14:37:02,04/04/2025,74.4,1.091,81.3
14:37:03,04/04/2025,74.4,1.091,81.2
14:37:06,04/04/2025,74.4,1.091,81.4
14:37:07,04/04/2025,74.4,1.091,81.4
14:37:09,04/04/2025,74.4,1.091,81.4
14:37:10,04/04/2025,74.5,1.092,81.5
14:37:11,04/04/2025,74.4,1.091,81.4
14:37:13,04/04/2025,74.4,1.09,81.2
14:37:18,04/04/2025,74.4,1.091,81.3
14:37:20,04/04/2025,74.4,1.091,81.2
14:37:21,04/04/2025,74.4,1.091,81.2
14:37:22,04/04/2025,74.4,1.091,81.4
14:37:23,04/04/2025,74.4,1.091,81.4
14:37:25,04/04/2025,74.4,1.091,81.4
14:37:26,04/04/2025,74.4,1.091,81.3
14:37:27,04/04/2025,74.4,1.091,81.4
14:37:29,04/04/2025,74.4,1.092,81.4
14:37:30,04/04/2025,74.4,1.092,81.4
14:37:32,04/04/2025,74.3,1.09,81.0
14:37:34,04/04/2025,74.4,1.092,81.3
14:37:35,04/04/2025,74.4,1.091,81.2
14:37:36,04/04/2025,74.3,1.091,81.2
14:37:37,04/04/2025,74.5,1.092,81.4
14:37:38,04/04/2025,74.5,1.092,81.6
14:37:40,04/04/2025,74.4,1.092,81.4
14:37:41,04/04/2025,74.3,1.091,81.3
14:37:43,04/04/2025,74.5,1.093,81.6
14:37:44,04/04/2025,74.5,1.093,81.5
14:37:48,04/04/2025,74.5,1.093,81.6
14:37:49,04/04/2025,74.5,1.094,81.6
14:37:53,04/04/2025,74.6,1.094,81.7
14:37:54,04/04/2025,74.5,1.094,81.7
14:37:55,04/04/2025,74.5,1.094,81.7
14:37:56,04/04/2025,74.5,1.093,81.6
14:37:58,04/04/2025,74.5,1.093,81.6
14:37:59,04/04/2025,74.5,1.093,81.6
14:38:00,04/04/2025,74.5,1.093,81.6
14:38:01,04/04/2025,74.5,1.093,81.6
14:38:03,04/04/2025,74.5,1.094,81.7
14:38:06,04/04/2025,74.5,1.093,81.6
14:38:07,04/04/2025,74.5,1.093,81.6
14:38:09,04/04/2025,74.5,1.093,81.6
14:38:10,04/04/2025,74.4,1.091,81.3
14:38:12,04/04/2025,74.4,1.091,81.3
14:38:15,04/04/2025,74.3,1.09,81.1
14:38:16,04/04/2025,74.2,1.089,81.0
14:38:17,04/04/2025,74.3,1.09,81.1
14:38:18,04/04/2025,74.3,1.091,81.2
14:38:21,04/04/2025,74.2,1.089,81.0
14:38:23,04/04/2025,74.3,1.089,81.1
14:38:24,04/04/2025,74.3,1.089,81.1
14:38:25,04/04/2025,74.2,1.089,81.0
14:38:26,04/04/2025,74.2,1.089,80.9
14:38:27,04/04/2025,74.3,1.09,81.0
14:38:30,04/04/2025,74.3,1.09,81.1
14:38:31,04/04/2025,74.2,1.089,81.0
14:38:32,04/04/2025,74.3,1.09,81.1
14:38:34,04/04/2025,74.2,1.09,81.2
14:38:35,04/04/2025,74.3,1.09,81.2
14:38:36,04/04/2025,74.3,1.09,81.2
14:38:37,04/04/2025,74.3,1.09,81.2
14:38:40,04/04/2025,74.3,1.09,81.1
14:38:41,04/04/2025,74.3,1.09,81.1
14:38:43,04/04/2025,74.3,1.089,81.0
14:38:44,04/04/2025,74.2,1.089,81.0
14:38:49,04/04/2025,74.3,1.09,81.0
14:38:50,04/04/2025,74.2,1.089,81.0
14:38:51,04/04/2025,74.2,1.089,81.0
14:38:52,04/04/2025,74.2,1.089,81.0
14:38:53,04/04/2025,74.2,1.089,80.9
14:38:54,04/04/2025,74.2,1.089,81.0
14:38:56,04/04/2025,74.2,1.089,81.0
14:38:59,04/04/2025,74.2,1.088,80.9
14:39:03,04/04/2025,74.2,1.088,80.9
14:39:04,04/04/2025,74.2,1.088,80.8
14:39:04,04/04/2025,74.2,1.089,80.9
14:39:06,04/04/2025,74.3,1.089,81.1
14:39:07,04/04/2025,74.2,1.089,81.0
14:39:08,04/04/2025,74.2,1.089,81.0
14:39:10,04/04/2025,74.2,1.089,80.9
14:39:12,04/04/2025,74.3,1.09,81.0
14:39:13,04/04/2025,74.2,1.089,80.9
14:39:14,04/04/2025,74.2,1.089,81.0
14:39:15,04/04/2025,74.2,1.089,81.0
14:39:19,04/04/2025,74.2,1.088,80.9
14:39:20,04/04/2025,74.2,1.089,81.0
14:39:22,04/04/2025,74.3,1.089,81.1
14:39:24,04/04/2025,74.3,1.09,81.1
14:39:25,04/04/2025,74.3,1.089,81.1
14:39:28,04/04/2025,74.2,1.089,81.0
14:39:28,04/04/2025,74.2,1.089,81.0
14:39:30,04/04/2025,74.3,1.09,81.1
14:39:31,04/04/2025,74.3,1.09,81.1
14:39:32,04/04/2025,74.3,1.09,81.1
14:39:35,04/04/2025,74.3,1.09,81.1
14:39:35,04/04/2025,74.3,1.09,81.1
14:39:36,04/04/2025,74.3,1.09,81.1
14:39:38,04/04/2025,74.3,1.09,81.1
14:39:39,04/04/2025,74.3,1.09,81.1
14:39:40,04/04/2025,74.3,1.09,81.1
14:39:41,04/04/2025,74.3,1.09,81.1
14:39:44,04/04/2025,74.3,1.09,81.2
14:39:46,04/04/2025,74.3,1.09,81.2
14:39:47,04/04/2025,74.3,1.09,81.1
14:39:48,04/04/2025,74.3,1.09,81.1
14:39:49,04/04/2025,74.3,1.09,81.1
14:39:50,04/04/2025,74.3,1.09,81.1
14:39:52,04/04/2025,74.3,1.09,81.1
14:39:53,04/04/2025,74.3,1.09,81.2
14:39:55,04/04/2025,74.3,1.09,81.2
14:39:56,04/04/2025,74.3,1.09,81.1
14:39:58,04/04/2025,74.3,1.09,81.1
14:39:59,04/04/2025,74.2,1.088,80.9
14:40:00,04/04/2025,74.2,1.089,80.9
14:40:03,04/04/2025,74.2,1.088,80.8
14:40:07,04/04/2025,74.2,1.088,80.9
14:40:09,04/04/2025,74.2,1.088,80.9
14:40:10,04/04/2025,74.2,1.089,80.9
14:40:13,04/04/2025,74.3,1.09,81.2
14:40:14,04/04/2025,74.3,1.09,81.1
14:40:16,04/04/2025,74.3,1.089,81.1
14:40:17,04/04/2025,74.3,1.089,81.1
14:40:18,04/04/2025,74.3,1.089,81.1
14:40:19,04/04/2025,74.3,1.09,81.1
14:40:20,04/04/2025,74.3,1.09,81.1
14:40:22,04/04/2025,74.3,1.09,81.1
14:40:24,04/04/2025,74.3,1.09,81.1
14:40:25,04/04/2025,74.2,1.089,81.0
14:40:26,04/04/2025,74.3,1.09,81.1
14:40:27,04/04/2025,74.3,1.09,81.1
14:40:29,04/04/2025,74.3,1.09,81.1
14:40:30,04/04/2025,74.3,1.09,81.1
14:40:31,04/04/2025,74.3,1.09,81.1
14:40:32,04/04/2025,74.3,1.09,81.1
14:40:33,04/04/2025,74.2,1.089,81.0
14:40:34,04/04/2025,74.2,1.088,80.9
14:40:36,04/04/2025,74.2,1.088,81.0
14:40:37,04/04/2025,74.2,1.089,81.0
14:40:38,04/04/2025,74.3,1.089,81.0
14:40:40,04/04/2025,74.3,1.089,81.0
14:40:41,04/04/2025,74.3,1.089,81.0
14:40:41,04/04/2025,74.3,1.09,81.0
14:40:43,04/04/2025,74.3,1.089,80.9
14:40:44,04/04/2025,74.3,1.089,81.0
14:40:45,04/04/2025,74.2,1.089,81.0
14:40:46,04/04/2025,74.2,1.089,81.0
14:40:48,04/04/2025,74.3,1.089,81.0
14:40:49,04/04/2025,74.2,1.089,81.0
14:40:51,04/04/2025,74.2,1.088,80.9
14:40:52,04/04/2025,74.2,1.088,80.9
14:40:55,04/04/2025,74.2,1.088,80.8
14:40:57,04/04/2025,74.3,1.089,81.0
14:41:01,04/04/2025,74.2,1.088,80.9
14:41:02,04/04/2025,74.2,1.088,80.9
14:41:03,04/04/2025,74.2,1.088,80.9
14:41:05,04/04/2025,74.2,1.088,80.9
14:41:07,04/04/2025,74.2,1.088,80.9
14:41:09,04/04/2025,74.2,1.088,80.9
14:41:09,04/04/2025,74.2,1.088,80.9
14:41:12,04/04/2025,74.2,1.088,81.0
14:41:16,04/04/2025,74.2,1.088,80.9
14:41:18,04/04/2025,74.2,1.088,80.8
14:41:19,04/04/2025,74.2,1.088,80.9
14:41:20,04/04/2025,74.2,1.088,80.9
14:41:21,04/04/2025,74.2,1.088,80.9
14:41:22,04/04/2025,74.2,1.087,80.8
14:41:23,04/04/2025,74.2,1.088,80.9
14:41:25,04/04/2025,74.2,1.088,80.9
14:41:27,04/04/2025,74.3,1.089,81.0
14:41:28,04/04/2025,74.2,1.089,81.0
14:41:29,04/04/2025,74.3,1.089,80.9
14:41:30,04/04/2025,74.2,1.088,80.9
14:41:31,04/04/2025,74.2,1.088,81.0
14:41:33,04/04/2025,74.2,1.088,81.0
14:41:33,04/04/2025,74.2,1.088,80.9
14:41:35,04/04/2025,74.2,1.088,80.9
14:41:36,04/04/2025,74.2,1.088,80.9
14:41:37,04/04/2025,74.2,1.088,80.8
14:41:39,04/04/2025,74.2,1.088,80.9
14:41:41,04/04/2025,74.1,1.087,80.8
14:41:42,04/04/2025,74.2,1.087,80.8
14:41:44,04/04/2025,74.2,1.088,80.8
14:41:46,04/04/2025,74.2,1.087,80.8
14:41:47,04/04/2025,74.2,1.088,80.8
14:41:48,04/04/2025,74.2,1.087,80.7
14:41:49,04/04/2025,74.1,1.087,80.7
14:41:52,04/04/2025,74.1,1.087,80.7
14:41:53,04/04/2025,74.1,1.086,80.6
14:41:54,04/04/2025,74.1,1.086,80.6
14:41:58,04/04/2025,74.1,1.086,80.6
14:42:00,04/04/2025,74.1,1.086,80.6
14:42:01,04/04/2025,74.1,1.086,80.6
14:42:02,04/04/2025,74.1,1.086,80.6
14:42:03,04/04/2025,74.0,1.085,80.5
14:42:05,04/04/2025,74.1,1.086,80.5
14:42:07,04/04/2025,74.1,1.086,80.7
14:42:08,04/04/2025,74.1,1.086,80.7
14:42:10,04/04/2025,74.1,1.086,80.6
14:42:11,04/04/2025,74.1,1.086,80.6
14:42:11,04/04/2025,74.1,1.086,80.7
14:42:14,04/04/2025,74.1,1.086,80.7
14:42:16,04/04/2025,74.1,1.086,80.7
14:42:17,04/04/2025,74.1,1.087,80.7
14:42:18,04/04/2025,74.1,1.086,80.7
14:42:19,04/04/2025,74.1,1.086,80.6
14:42:22,04/04/2025,74.1,1.086,80.6
14:42:23,04/04/2025,74.1,1.086,80.5
14:42:25,04/04/2025,74.0,1.085,80.5
14:42:26,04/04/2025,74.0,1.085,80.4
14:42:27,04/04/2025,74.0,1.085,80.4
14:42:28,04/04/2025,74.1,1.086,80.5
14:42:29,04/04/2025,74.0,1.085,80.5
14:42:30,04/04/2025,74.1,1.086,80.5
14:42:31,04/04/2025,74.1,1.086,80.6
14:42:35,04/04/2025,74.1,1.086,80.7
14:42:36,04/04/2025,74.1,1.086,80.7
14:42:38,04/04/2025,74.1,1.087,80.7
14:42:39,04/04/2025,74.1,1.086,80.7
14:42:40,04/04/2025,74.1,1.086,80.6
14:42:43,04/04/2025,74.2,1.087,80.7
14:42:44,04/04/2025,74.1,1.086,80.6
14:42:45,04/04/2025,74.1,1.086,80.6
14:42:46,04/04/2025,74.1,1.087,80.7
14:42:47,04/04/2025,74.1,1.086,80.6
14:42:48,04/04/2025,74.1,1.087,80.7
14:42:50,04/04/2025,74.1,1.086,80.7
14:42:52,04/04/2025,74.2,1.087,80.7
14:42:54,04/04/2025,74.1,1.086,80.6
14:42:56,04/04/2025,74.1,1.086,80.6
14:42:57,04/04/2025,74.1,1.086,80.6
14:42:59,04/04/2025,74.1,1.086,80.7
14:43:01,04/04/2025,74.2,1.087,80.9
14:43:03,04/04/2025,74.2,1.087,80.9
14:43:05,04/04/2025,74.2,1.087,80.8
14:43:10,04/04/2025,74.2,1.087,80.7
14:43:11,04/04/2025,74.2,1.087,80.7
14:43:12,04/04/2025,74.2,1.087,80.8
14:43:13,04/04/2025,74.1,1.086,80.7
14:43:14,04/04/2025,74.1,1.086,80.7
14:43:16,04/04/2025,74.2,1.086,80.7
14:43:17,04/04/2025,74.1,1.086,80.7
14:43:18,04/04/2025,74.1,1.086,80.7
14:43:20,04/04/2025,74.1,1.086,80.7
14:43:22,04/04/2025,74.2,1.087,80.8
14:43:24,04/04/2025,74.2,1.087,80.8
14:43:25,04/04/2025,74.2,1.087,80.8
14:43:27,04/04/2025,74.2,1.087,80.8
14:43:28,04/04/2025,74.2,1.087,80.8
14:43:30,04/04/2025,74.2,1.087,80.7
14:43:31,04/04/2025,74.2,1.086,80.7
14:43:32,04/04/2025,74.2,1.087,80.8
14:43:33,04/04/2025,74.1,1.086,80.7
14:43:35,04/04/2025,74.1,1.086,80.7
14:43:37,04/04/2025,74.2,1.087,80.7
14:43:38,04/04/2025,74.1,1.086,80.6
14:43:39,04/04/2025,74.2,1.087,80.8
14:43:40,04/04/2025,74.2,1.087,80.8
14:43:42,04/04/2025,74.2,1.088,80.9
14:43:44,04/04/2025,74.2,1.087,80.8
14:43:45,04/04/2025,74.2,1.087,80.8
14:43:46,04/04/2025,74.2,1.087,80.9
14:43:48,04/04/2025,74.2,1.087,80.8
14:43:50,04/04/2025,74.2,1.087,80.7
14:43:51,04/04/2025,74.2,1.086,80.6
14:43:53,04/04/2025,74.1,1.085,80.6
14:43:55,04/04/2025,74.2,1.086,80.6
14:43:56,04/04/2025,74.1,1.086,80.7
14:43:58,04/04/2025,74.2,1.086,80.7
14:43:59,04/04/2025,74.1,1.086,80.7
14:44:01,04/04/2025,74.2,1.086,80.7
14:44:02,04/04/2025,74.2,1.087,80.8
14:44:03,04/04/2025,74.1,1.085,80.7
14:44:04,04/04/2025,74.1,1.086,80.7
14:44:07,04/04/2025,74.1,1.086,80.6
14:44:09,04/04/2025,74.1,1.086,80.6
14:44:10,04/04/2025,74.3,1.088,80.8
14:44:12,04/04/2025,74.4,1.089,81.1
14:44:14,04/04/2025,74.3,1.088,81.1
14:44:15,04/04/2025,74.3,1.089,81.1
14:44:17,04/04/2025,74.3,1.089,81.1
14:44:18,04/04/2025,74.3,1.089,81.2
14:44:18,04/04/2025,74.3,1.088,81.1
14:44:21,04/04/2025,74.2,1.088,80.9
14:44:22,04/04/2025,74.2,1.087,80.8
14:44:23,04/04/2025,74.2,1.088,80.8
14:44:25,04/04/2025,74.2,1.087,80.7
14:44:27,04/04/2025,74.2,1.087,80.8
14:44:29,04/04/2025,74.2,1.087,80.9
14:44:31,04/04/2025,74.2,1.087,80.8
14:44:32,04/04/2025,74.2,1.087,80.8
14:44:33,04/04/2025,74.2,1.087,80.8
14:44:34,04/04/2025,74.2,1.087,80.8
14:44:35,04/04/2025,74.2,1.088,80.8
14:44:39,04/04/2025,74.2,1.087,80.8
14:44:40,04/04/2025,74.2,1.087,80.8
14:44:41,04/04/2025,74.2,1.087,80.8
14:44:42,04/04/2025,74.2,1.087,80.8
14:44:44,04/04/2025,74.2,1.087,80.8
14:44:45,04/04/2025,74.2,1.086,80.7
14:44:46,04/04/2025,74.2,1.087,80.8
14:44:47,04/04/2025,74.2,1.087,80.8
14:44:49,04/04/2025,74.2,1.087,80.7
14:44:50,04/04/2025,74.2,1.086,80.8
14:44:51,04/04/2025,74.1,1.086,80.7
14:44:53,04/04/2025,74.1,1.085,80.5
14:44:55,04/04/2025,74.1,1.085,80.4
14:44:57,04/04/2025,74.0,1.085,80.4
14:44:58,04/04/2025,74.1,1.085,80.5
14:45:00,04/04/2025,74.1,1.086,80.6
14:45:01,04/04/2025,74.1,1.086,80.7
14:45:02,04/04/2025,74.1,1.086,80.7
14:45:03,04/04/2025,74.1,1.085,80.6
14:45:04,04/04/2025,74.1,1.085,80.5
14:45:06,04/04/2025,74.1,1.085,80.5
14:45:08,04/04/2025,74.2,1.086,80.7
14:45:09,04/04/2025,74.1,1.086,80.6
14:45:10,04/04/2025,74.1,1.086,80.7
14:45:11,04/04/2025,74.1,1.085,80.6
14:45:12,04/04/2025,74.1,1.086,80.7
14:45:14,04/04/2025,74.2,1.086,80.7
14:45:17,04/04/2025,74.1,1.086,80.6
14:45:18,04/04/2025,74.2,1.086,80.6
14:45:20,04/04/2025,74.2,1.087,80.8
14:45:21,04/04/2025,74.1,1.086,80.7
14:45:22,04/04/2025,74.2,1.087,80.8
14:45:23,04/04/2025,74.2,1.086,80.8
14:45:24,04/04/2025,74.2,1.086,80.7
14:45:25,04/04/2025,74.1,1.086,80.6
14:45:26,04/04/2025,74.2,1.086,80.6
14:45:29,04/04/2025,74.1,1.086,80.6
14:45:33,04/04/2025,74.2,1.087,80.8
14:45:34,04/04/2025,74.2,1.087,80.8
14:45:35,04/04/2025,74.2,1.086,80.7
14:45:36,04/04/2025,74.1,1.085,80.6
14:45:37,04/04/2025,74.1,1.086,80.5
14:45:39,04/04/2025,74.1,1.086,80.6
14:45:40,04/04/2025,74.2,1.087,80.8
14:45:42,04/04/2025,74.2,1.086,80.9
14:45:43,04/04/2025,74.2,1.087,80.8
14:45:44,04/04/2025,74.2,1.087,80.8
14:45:45,04/04/2025,74.1,1.086,80.6
14:45:46,04/04/2025,74.2,1.086,80.6
14:45:48,04/04/2025,74.2,1.087,80.8
14:45:50,04/04/2025,74.2,1.087,80.9
14:45:51,04/04/2025,74.2,1.086,80.8
14:45:52,04/04/2025,74.2,1.087,80.8
14:45:54,04/04/2025,74.2,1.087,80.8
14:45:55,04/04/2025,74.2,1.087,80.8
14:45:56,04/04/2025,74.2,1.087,80.9
14:45:57,04/04/2025,74.3,1.088,81.0
14:45:58,04/04/2025,74.3,1.087,81.0
14:46:00,04/04/2025,74.3,1.088,80.8
14:46:01,04/04/2025,74.3,1.087,80.8
14:46:03,04/04/2025,74.2,1.087,80.9
14:46:04,04/04/2025,74.3,1.088,81.1
14:46:05,04/04/2025,74.3,1.088,81.1
14:46:07,04/04/2025,74.3,1.088,81.0
14:46:08,04/04/2025,74.3,1.088,80.9
14:46:09,04/04/2025,74.3,1.088,80.9
14:46:12,04/04/2025,74.3,1.087,81.0
14:46:15,04/04/2025,74.2,1.087,80.9
14:46:18,04/04/2025,74.2,1.087,80.8
14:46:19,04/04/2025,74.2,1.087,80.8
14:46:20,04/04/2025,74.2,1.087,80.9
14:46:21,04/04/2025,74.2,1.087,81.0
14:46:24,04/04/2025,74.2,1.087,80.8
14:46:27,04/04/2025,74.2,1.087,80.8
14:46:28,04/04/2025,74.3,1.088,80.8
14:46:29,04/04/2025,74.2,1.087,80.8
14:46:30,04/04/2025,74.2,1.087,80.8
14:46:31,04/04/2025,74.2,1.087,80.8
14:46:35,04/04/2025,74.3,1.088,81.0
14:46:36,04/04/2025,74.2,1.087,80.9
14:46:37,04/04/2025,74.2,1.087,80.8
14:46:38,04/04/2025,74.2,1.087,80.7
14:46:39,04/04/2025,74.2,1.087,80.7
14:46:41,04/04/2025,74.2,1.087,80.8
14:46:42,04/04/2025,74.2,1.087,80.9
14:46:43,04/04/2025,74.2,1.087,81.0
14:46:45,04/04/2025,74.3,1.088,81.0
14:46:45,04/04/2025,74.3,1.088,81.0
14:46:47,04/04/2025,74.2,1.087,80.8
14:46:48,04/04/2025,74.2,1.087,80.8
14:46:49,04/04/2025,74.2,1.087,80.8
14:46:51,04/04/2025,74.2,1.087,80.8
14:46:52,04/04/2025,74.2,1.087,80.8
14:46:53,04/04/2025,74.2,1.087,80.8
14:46:54,04/04/2025,74.2,1.087,80.9
14:46:56,04/04/2025,74.2,1.087,80.9
14:46:58,04/04/2025,74.2,1.087,80.8
14:46:59,04/04/2025,74.2,1.086,80.7
14:47:00,04/04/2025,74.2,1.087,80.7
14:47:02,04/04/2025,74.2,1.087,80.8
14:47:03,04/04/2025,74.2,1.086,80.7
14:47:06,04/04/2025,74.2,1.087,80.9
14:47:08,04/04/2025,74.2,1.087,80.8
14:47:09,04/04/2025,74.2,1.086,80.7
14:47:10,04/04/2025,74.1,1.086,80.7
14:47:11,04/04/2025,74.2,1.086,80.7
14:47:13,04/04/2025,74.2,1.086,80.6
14:47:14,04/04/2025,74.2,1.086,80.7
14:47:15,04/04/2025,74.2,1.087,80.7
14:47:17,04/04/2025,74.1,1.086,80.7
14:47:19,04/04/2025,74.2,1.086,80.7
14:47:21,04/04/2025,74.2,1.086,80.7
14:47:23,04/04/2025,74.2,1.087,80.8
14:47:24,04/04/2025,74.2,1.087,80.8
14:47:25,04/04/2025,74.2,1.086,80.8
14:47:30,04/04/2025,74.3,1.087,80.9
14:47:30,04/04/2025,74.2,1.087,80.8
14:47:32,04/04/2025,74.2,1.087,80.8
14:47:33,04/04/2025,74.2,1.087,80.8
14:47:34,04/04/2025,74.2,1.087,80.9
14:47:36,04/04/2025,74.2,1.086,80.8
14:47:38,04/04/2025,74.3,1.087,80.9
14:47:39,04/04/2025,74.2,1.087,80.8
14:47:42,04/04/2025,74.3,1.088,80.9
14:47:44,04/04/2025,74.3,1.088,81.0
14:47:48,04/04/2025,74.3,1.087,80.9
14:47:50,04/04/2025,74.2,1.087,80.8
14:47:52,04/04/2025,74.2,1.087,80.8
14:47:53,04/04/2025,74.2,1.087,80.9
14:47:55,04/04/2025,74.2,1.087,81.0
14:47:57,04/04/2025,74.2,1.086,80.8
14:47:58,04/04/2025,74.2,1.087,80.8
14:47:59,04/04/2025,74.3,1.087,80.8
14:48:00,04/04/2025,74.3,1.088,80.9
14:48:03,04/04/2025,74.2,1.087,80.9
14:48:04,04/04/2025,74.2,1.087,80.9
14:48:07,04/04/2025,74.3,1.088,80.9
14:48:09,04/04/2025,74.3,1.088,80.8
14:48:10,04/04/2025,74.3,1.088,80.9
14:48:12,04/04/2025,74.3,1.088,81.0
14:48:15,04/04/2025,74.3,1.087,80.9
14:48:17,04/04/2025,74.3,1.088,80.8
14:48:18,04/04/2025,74.3,1.087,80.8
14:48:20,04/04/2025,74.3,1.088,80.9
14:48:21,04/04/2025,74.3,1.088,81.1
14:48:22,04/04/2025,74.4,1.089,81.2
14:48:23,04/04/2025,74.3,1.088,81.1
14:48:25,04/04/2025,74.3,1.088,80.9
14:48:26,04/04/2025,74.4,1.089,81.0
14:48:28,04/04/2025,74.4,1.089,81.2
14:48:28,04/04/2025,74.4,1.089,81.2
14:48:29,04/04/2025,74.4,1.089,81.3
14:48:31,04/04/2025,74.4,1.089,81.2
14:48:35,04/04/2025,74.4,1.089,81.1
14:48:36,04/04/2025,74.4,1.09,81.3
14:48:37,04/04/2025,74.4,1.089,81.2
14:48:39,04/04/2025,74.4,1.089,81.3
14:48:40,04/04/2025,74.4,1.089,81.2
14:48:42,04/04/2025,74.3,1.088,81.0
14:48:43,04/04/2025,74.3,1.088,81.0
14:48:45,04/04/2025,74.4,1.089,81.1
14:48:46,04/04/2025,74.4,1.089,81.2
14:48:47,04/04/2025,74.4,1.089,81.2
14:48:49,04/04/2025,74.4,1.089,81.2
14:48:51,04/04/2025,74.4,1.089,81.0
14:48:52,04/04/2025,74.4,1.089,81.1
14:48:55,04/04/2025,74.4,1.089,81.2
14:48:59,04/04/2025,74.3,1.088,80.9
14:49:00,04/04/2025,74.3,1.088,80.9
14:49:01,04/04/2025,74.3,1.087,80.8
14:49:02,04/04/2025,74.3,1.087,80.9
14:49:04,04/04/2025,74.3,1.087,80.9
14:49:06,04/04/2025,74.3,1.088,81.0
14:49:07,04/04/2025,74.3,1.088,81.0
14:49:08,04/04/2025,74.3,1.088,81.1
14:49:10,04/04/2025,74.3,1.087,80.9
14:49:11,04/04/2025,74.3,1.088,80.9
14:49:13,04/04/2025,74.3,1.088,80.9
14:49:17,04/04/2025,74.3,1.088,81.0
14:49:19,04/04/2025,74.3,1.087,81.0
14:49:20,04/04/2025,74.3,1.088,80.9
14:49:21,04/04/2025,74.3,1.088,80.9
14:49:23,04/04/2025,74.3,1.088,80.9
14:49:24,04/04/2025,74.3,1.088,81.0
14:49:25,04/04/2025,74.3,1.088,81.0
14:49:26,04/04/2025,74.3,1.088,81.0
14:49:27,04/04/2025,74.3,1.087,80.9
14:49:29,04/04/2025,74.3,1.088,81.1
14:49:31,04/04/2025,74.3,1.087,81.0
14:49:32,04/04/2025,74.3,1.088,80.9
14:49:33,04/04/2025,74.3,1.088,80.9
14:49:34,04/04/2025,74.3,1.088,80.9
14:49:35,04/04/2025,74.3,1.088,80.9
14:49:36,04/04/2025,74.3,1.088,81.0
14:49:37,04/04/2025,74.3,1.088,80.9
14:49:40,04/04/2025,74.3,1.088,81.0
14:49:41,04/04/2025,74.3,1.088,81.0
14:49:41,04/04/2025,74.3,1.088,81.1
14:49:43,04/04/2025,74.3,1.088,81.0
14:49:44,04/04/2025,74.3,1.088,81.0
14:49:45,04/04/2025,74.3,1.087,80.9
14:49:46,04/04/2025,74.3,1.088,80.9
14:49:48,04/04/2025,74.3,1.088,80.9
14:49:48,04/04/2025,74.3,1.088,80.9
14:49:49,04/04/2025,74.3,1.088,80.9
14:49:51,04/04/2025,74.3,1.088,81.0
14:49:52,04/04/2025,74.3,1.088,81.0
14:49:53,04/04/2025,74.3,1.088,81.0
14:49:54,04/04/2025,74.3,1.088,81.0
14:49:56,04/04/2025,74.2,1.087,80.9
14:49:58,04/04/2025,74.3,1.088,81.0
14:50:00,04/04/2025,74.2,1.087,80.8
14:50:01,04/04/2025,74.2,1.086,80.7
14:50:05,04/04/2025,74.2,1.086,80.7
14:50:10,04/04/2025,74.1,1.085,80.6
14:50:12,04/04/2025,74.1,1.084,80.5
14:50:16,04/04/2025,74.1,1.085,80.5
14:50:18,04/04/2025,74.1,1.085,80.5
14:50:19,04/04/2025,74.1,1.085,80.6
14:50:20,04/04/2025,74.1,1.085,80.6
14:50:21,04/04/2025,74.0,1.084,80.5
14:50:23,04/04/2025,74.0,1.084,80.4
14:50:23,04/04/2025,74.0,1.084,80.4
14:50:25,04/04/2025,74.0,1.084,80.3
14:50:26,04/04/2025,74.0,1.083,80.3
14:50:27,04/04/2025,74.0,1.084,80.3
14:50:28,04/04/2025,74.1,1.084,80.4
14:50:31,04/04/2025,74.1,1.084,80.4
14:50:33,04/04/2025,74.0,1.084,80.4
14:50:33,04/04/2025,74.0,1.084,80.4
14:50:35,04/04/2025,74.0,1.083,80.4
14:50:36,04/04/2025,74.0,1.084,80.4
14:50:39,04/04/2025,74.1,1.084,80.5
14:50:42,04/04/2025,74.1,1.085,80.5
14:50:45,04/04/2025,74.1,1.085,80.5
14:50:46,04/04/2025,74.1,1.084,80.4
14:50:47,04/04/2025,74.1,1.085,80.5
14:50:49,04/04/2025,74.1,1.085,80.6
14:50:53,04/04/2025,74.1,1.085,80.6
14:50:54,04/04/2025,74.1,1.085,80.5
14:50:55,04/04/2025,74.1,1.084,80.5
14:50:56,04/04/2025,74.1,1.085,80.5
14:50:59,04/04/2025,74.1,1.084,80.5
14:51:01,04/04/2025,74.1,1.085,80.6
14:51:02,04/04/2025,74.1,1.085,80.6
14:51:03,04/04/2025,74.1,1.085,80.5
14:51:04,04/04/2025,74.1,1.085,80.5
14:51:05,04/04/2025,74.1,1.085,80.6
14:51:10,04/04/2025,74.1,1.085,80.6
14:51:11,04/04/2025,74.1,1.084,80.5
14:51:12,04/04/2025,74.1,1.085,80.5
14:51:14,04/04/2025,74.1,1.084,80.4
14:51:15,04/04/2025,74.0,1.084,80.4
14:51:16,04/04/2025,74.0,1.084,80.4
14:51:17,04/04/2025,74.0,1.084,80.4
14:51:18,04/04/2025,74.1,1.085,80.5
14:51:20,04/04/2025,74.1,1.084,80.4
14:51:20,04/04/2025,74.1,1.085,80.5
14:51:22,04/04/2025,74.0,1.084,80.4
14:51:23,04/04/2025,74.0,1.083,80.3
14:51:24,04/04/2025,74.0,1.084,80.3
14:51:26,04/04/2025,74.0,1.084,80.3
14:51:28,04/04/2025,74.0,1.083,80.3
14:51:29,04/04/2025,74.0,1.083,80.3
14:51:30,04/04/2025,74.0,1.083,80.3
14:51:31,04/04/2025,74.0,1.083,80.3
14:51:33,04/04/2025,74.0,1.083,80.2
14:51:35,04/04/2025,74.0,1.083,80.3
14:51:36,04/04/2025,74.0,1.084,80.3
14:51:37,04/04/2025,74.0,1.083,80.3
14:51:39,04/04/2025,74.0,1.083,80.3
14:51:41,04/04/2025,74.0,1.083,80.3
14:51:42,04/04/2025,74.0,1.083,80.3
14:51:43,04/04/2025,73.9,1.083,80.2
14:51:44,04/04/2025,74.0,1.083,80.3
14:51:47,04/04/2025,74.0,1.083,80.3
14:51:48,04/04/2025,73.9,1.082,80.2
14:51:49,04/04/2025,73.9,1.082,80.2
14:51:51,04/04/2025,73.9,1.082,80.2
14:51:52,04/04/2025,73.9,1.083,80.2
14:51:54,04/04/2025,74.0,1.083,80.3
14:51:55,04/04/2025,74.0,1.083,80.3
14:51:57,04/04/2025,74.0,1.083,80.3
14:51:58,04/04/2025,74.2,1.086,81.1
14:52:00,04/04/2025,74.0,1.084,80.4
14:52:01,04/04/2025,74.1,1.084,80.4
14:52:03,04/04/2025,74.0,1.083,80.3
14:52:04,04/04/2025,74.0,1.084,80.3
14:52:05,04/04/2025,74.0,1.084,80.2
14:52:07,04/04/2025,74.0,1.084,80.3
14:52:08,04/04/2025,74.0,1.084,80.4
14:52:09,04/04/2025,74.1,1.084,80.4
14:52:10,04/04/2025,74.1,1.084,80.5
14:52:11,04/04/2025,74.1,1.084,80.5
14:52:13,04/04/2025,74.0,1.083,80.3
14:52:18,04/04/2025,74.0,1.084,80.4
14:52:19,04/04/2025,74.0,1.084,80.3
14:52:20,04/04/2025,74.0,1.083,80.3
14:52:21,04/04/2025,74.0,1.083,80.2
14:52:24,04/04/2025,74.0,1.083,80.2
14:52:25,04/04/2025,74.0,1.084,80.4
14:52:25,04/04/2025,74.0,1.083,80.3
14:52:28,04/04/2025,74.0,1.084,80.5
14:52:28,04/04/2025,74.0,1.084,80.5
14:52:29,04/04/2025,74.0,1.084,80.4
14:52:31,04/04/2025,74.0,1.084,80.4
14:52:32,04/04/2025,74.1,1.085,80.4
14:52:33,04/04/2025,74.1,1.085,80.3
14:52:36,04/04/2025,74.1,1.085,80.4
14:52:37,04/04/2025,74.0,1.084,80.4
14:52:38,04/04/2025,74.0,1.084,80.5
14:52:39,04/04/2025,74.1,1.085,80.5
14:52:41,04/04/2025,74.1,1.085,80.5
14:52:42,04/04/2025,74.1,1.085,80.4
14:52:43,04/04/2025,74.0,1.084,80.3
14:52:45,04/04/2025,74.0,1.084,80.4
14:52:47,04/04/2025,74.1,1.085,80.6
14:52:48,04/04/2025,74.0,1.084,80.6
14:52:49,04/04/2025,74.0,1.084,80.5
14:52:50,04/04/2025,74.1,1.085,80.5
14:52:51,04/04/2025,74.1,1.085,80.4
14:52:53,04/04/2025,74.1,1.085,80.4
14:52:54,04/04/2025,74.1,1.085,80.5
14:52:56,04/04/2025,74.0,1.084,80.4
14:52:57,04/04/2025,74.0,1.084,80.4
14:52:59,04/04/2025,74.0,1.084,80.4
14:53:00,04/04/2025,74.0,1.084,80.4
14:53:01,04/04/2025,74.0,1.084,80.4
14:53:02,04/04/2025,74.1,1.085,80.4
14:53:04,04/04/2025,74.1,1.085,80.5
14:53:06,04/04/2025,74.0,1.084,80.5
14:53:08,04/04/2025,74.0,1.084,80.4
14:53:09,04/04/2025,74.0,1.084,80.4
14:53:10,04/04/2025,74.1,1.085,80.3
14:53:12,04/04/2025,74.1,1.084,80.4
14:53:13,04/04/2025,74.0,1.084,80.4
14:53:14,04/04/2025,74.1,1.085,80.5
14:53:15,04/04/2025,74.0,1.084,80.5
14:53:16,04/04/2025,74.1,1.085,80.6
14:53:19,04/04/2025,74.0,1.084,80.4
14:53:20,04/04/2025,74.1,1.085,80.4
14:53:21,04/04/2025,74.0,1.085,80.4
14:53:22,04/04/2025,74.1,1.084,80.5
14:53:25,04/04/2025,74.1,1.085,80.7
14:53:26,04/04/2025,74.1,1.085,80.6
14:53:27,04/04/2025,74.1,1.085,80.6
14:53:28,04/04/2025,74.1,1.085,80.5
14:53:29,04/04/2025,74.1,1.085,80.5
14:53:30,04/04/2025,74.1,1.085,80.5
14:53:32,04/04/2025,74.1,1.085,80.5
14:53:35,04/04/2025,74.1,1.086,80.7
14:53:38,04/04/2025,74.2,1.086,80.7
14:53:39,04/04/2025,74.1,1.085,80.5
14:53:41,04/04/2025,74.1,1.085,80.5
14:53:41,04/04/2025,74.1,1.085,80.4
14:53:43,04/04/2025,74.1,1.085,80.4
14:53:44,04/04/2025,74.1,1.085,80.6
14:53:45,04/04/2025,74.1,1.085,80.6
14:53:47,04/04/2025,74.1,1.086,80.7
14:53:49,04/04/2025,74.1,1.085,80.6
14:53:50,04/04/2025,74.1,1.086,80.6
14:53:51,04/04/2025,74.1,1.086,80.6
14:53:54,04/04/2025,74.1,1.086,80.7
14:53:57,04/04/2025,74.1,1.085,80.6
14:53:59,04/04/2025,74.2,1.086,80.7
14:54:02,04/04/2025,74.2,1.086,80.7
14:54:03,04/04/2025,74.2,1.087,80.7
14:54:04,04/04/2025,74.2,1.086,80.7
14:54:05,04/04/2025,74.2,1.086,80.6
14:54:08,04/04/2025,74.1,1.086,80.6
14:54:10,04/04/2025,74.1,1.086,80.7
14:54:14,04/04/2025,74.1,1.086,80.7
14:54:16,04/04/2025,74.1,1.086,80.6
14:54:17,04/04/2025,74.1,1.085,80.6
14:54:18,04/04/2025,74.1,1.085,80.6
14:54:19,04/04/2025,74.1,1.086,80.6
14:54:21,04/04/2025,74.1,1.086,80.7
14:54:24,04/04/2025,74.1,1.085,80.5
14:54:25,04/04/2025,74.0,1.084,80.4
14:54:28,04/04/2025,74.1,1.085,80.5
14:54:29,04/04/2025,74.0,1.085,80.4
14:54:31,04/04/2025,74.1,1.085,80.5
14:54:32,04/04/2025,74.0,1.084,80.5
14:54:33,04/04/2025,74.0,1.084,80.5
14:54:34,04/04/2025,74.0,1.084,80.5
14:54:36,04/04/2025,74.1,1.084,80.4
14:54:37,04/04/2025,74.0,1.084,80.3
14:54:38,04/04/2025,74.0,1.084,80.3
14:54:39,04/04/2025,74.0,1.084,80.3
14:54:40,04/04/2025,74.0,1.084,80.4
14:54:43,04/04/2025,74.0,1.084,80.4
14:54:47,04/04/2025,74.0,1.083,80.2
14:54:49,04/04/2025,74.0,1.084,80.3
14:54:50,04/04/2025,74.0,1.084,80.3
14:54:52,04/04/2025,73.9,1.083,80.2
14:54:55,04/04/2025,74.0,1.084,80.4
14:54:58,04/04/2025,74.0,1.084,80.3
14:54:59,04/04/2025,74.0,1.084,80.3
14:55:01,04/04/2025,74.0,1.084,80.4
14:55:02,04/04/2025,74.0,1.084,80.5
14:55:05,04/04/2025,74.0,1.084,80.4
14:55:06,04/04/2025,74.0,1.084,80.3
14:55:07,04/04/2025,74.0,1.084,80.3
14:55:08,04/04/2025,74.0,1.084,80.3
14:55:09,04/04/2025,74.0,1.084,80.3
14:55:10,04/04/2025,74.0,1.085,80.5
14:55:13,04/04/2025,74.0,1.084,80.4
14:55:14,04/04/2025,74.0,1.084,80.4
14:55:15,04/04/2025,74.0,1.084,80.3
14:55:17,04/04/2025,74.0,1.084,80.3
14:55:17,04/04/2025,74.0,1.084,80.3
14:55:19,04/04/2025,74.0,1.083,80.3
14:55:23,04/04/2025,74.0,1.084,80.2
14:55:24,04/04/2025,73.9,1.083,80.1
14:55:25,04/04/2025,73.9,1.083,80.2
14:55:29,04/04/2025,74.0,1.084,80.3
14:55:30,04/04/2025,74.0,1.084,80.3
14:55:32,04/04/2025,74.0,1.083,80.2
14:55:33,04/04/2025,73.9,1.083,80.3
14:55:36,04/04/2025,74.0,1.084,80.5
14:55:37,04/04/2025,74.0,1.084,80.3
14:55:38,04/04/2025,74.0,1.084,80.4
14:55:39,04/04/2025,74.0,1.085,80.4
14:55:41,04/04/2025,74.0,1.084,80.5
14:55:42,04/04/2025,74.1,1.085,80.6
14:55:43,04/04/2025,74.1,1.085,80.5
14:55:44,04/04/2025,74.1,1.085,80.4
14:55:46,04/04/2025,74.1,1.085,80.4
14:55:47,04/04/2025,74.1,1.085,80.6
14:55:49,04/04/2025,74.1,1.086,80.6
14:55:51,04/04/2025,74.1,1.086,80.6
14:55:52,04/04/2025,74.1,1.086,80.5
14:55:53,04/04/2025,74.1,1.086,80.6
14:55:54,04/04/2025,74.1,1.086,80.7
14:55:56,04/04/2025,74.1,1.086,80.7
14:55:57,04/04/2025,74.1,1.086,80.6
14:55:58,04/04/2025,74.1,1.086,80.6
14:56:01,04/04/2025,74.2,1.086,80.8
14:56:03,04/04/2025,74.1,1.086,80.7
14:56:04,04/04/2025,74.1,1.086,80.6
14:56:05,04/04/2025,74.1,1.086,80.5
14:56:06,04/04/2025,74.1,1.085,80.6
14:56:09,04/04/2025,74.1,1.086,80.7
14:56:11,04/04/2025,74.1,1.086,80.6
14:56:14,04/04/2025,74.1,1.086,80.8
14:56:15,04/04/2025,74.1,1.086,80.7
14:56:17,04/04/2025,74.1,1.085,80.5
14:56:18,04/04/2025,74.1,1.085,80.4
14:56:20,04/04/2025,74.1,1.085,80.4
14:56:21,04/04/2025,74.1,1.085,80.6
14:56:22,04/04/2025,74.1,1.085,80.7
14:56:23,04/04/2025,74.0,1.084,80.5
14:56:24,04/04/2025,74.1,1.085,80.4
14:56:26,04/04/2025,74.1,1.085,80.4
14:56:27,04/04/2025,74.1,1.085,80.5
14:56:28,04/04/2025,74.1,1.085,80.6
14:56:30,04/04/2025,74.1,1.086,80.7
14:56:33,04/04/2025,74.1,1.085,80.5
14:56:34,04/04/2025,74.1,1.085,80.4
14:56:35,04/04/2025,74.1,1.085,80.6
14:56:37,04/04/2025,74.1,1.085,80.6
14:56:38,04/04/2025,74.1,1.085,80.5
14:56:40,04/04/2025,74.1,1.085,80.4
14:56:43,04/04/2025,74.0,1.084,80.6
14:56:44,04/04/2025,74.1,1.085,80.5
14:56:45,04/04/2025,74.0,1.084,80.3
14:56:46,04/04/2025,74.1,1.085,80.3
14:56:50,04/04/2025,74.1,1.085,80.6
14:56:51,04/04/2025,74.0,1.084,80.4
14:56:52,04/04/2025,74.0,1.084,80.3
14:56:54,04/04/2025,74.0,1.084,80.2
14:56:55,04/04/2025,74.0,1.084,80.4
14:56:56,04/04/2025,74.0,1.084,80.5
14:56:57,04/04/2025,74.0,1.084,80.5
14:56:59,04/04/2025,74.0,1.084,80.3
14:57:02,04/04/2025,74.0,1.084,80.3
14:57:02,04/04/2025,74.0,1.084,80.4
14:57:04,04/04/2025,74.0,1.084,80.5
14:57:06,04/04/2025,74.0,1.084,80.4
14:57:07,04/04/2025,74.0,1.084,80.4
14:57:08,04/04/2025,74.1,1.085,80.4
14:57:09,04/04/2025,74.0,1.084,80.4
14:57:11,04/04/2025,74.0,1.084,80.4
14:57:12,04/04/2025,74.1,1.085,80.6
14:57:16,04/04/2025,74.1,1.085,80.4
14:57:18,04/04/2025,74.1,1.085,80.4
14:57:21,04/04/2025,74.1,1.085,80.6
14:57:22,04/04/2025,74.1,1.085,80.6
14:57:23,04/04/2025,74.1,1.085,80.4
14:57:24,04/04/2025,73.9,1.082,80.0
14:57:26,04/04/2025,74.0,1.084,80.4
14:57:27,04/04/2025,74.1,1.085,80.5
14:57:28,04/04/2025,74.1,1.085,80.6
14:57:29,04/04/2025,74.1,1.085,80.6
14:57:30,04/04/2025,74.1,1.086,80.7
14:57:32,04/04/2025,74.1,1.085,80.5
14:57:33,04/04/2025,74.1,1.085,80.4
14:57:34,04/04/2025,74.1,1.086,80.6
14:57:36,04/04/2025,74.1,1.085,80.5
14:57:37,04/04/2025,74.1,1.085,80.6
14:57:38,04/04/2025,74.1,1.085,80.6
14:57:39,04/04/2025,74.1,1.085,80.6
14:57:40,04/04/2025,74.1,1.085,80.5
14:57:42,04/04/2025,74.1,1.086,80.5
14:57:43,04/04/2025,74.1,1.086,80.6
14:57:45,04/04/2025,74.1,1.086,80.7
14:57:49,04/04/2025,74.2,1.087,80.7
14:57:50,04/04/2025,74.2,1.087,80.7
14:57:52,04/04/2025,74.2,1.087,80.7
14:57:53,04/04/2025,74.2,1.086,80.7
14:57:55,04/04/2025,74.2,1.086,80.8
14:58:00,04/04/2025,74.1,1.085,80.4
14:58:01,04/04/2025,74.1,1.085,80.5
14:58:02,04/04/2025,74.1,1.086,80.6
14:58:04,04/04/2025,74.2,1.087,80.8
14:58:07,04/04/2025,74.2,1.086,80.8
14:58:09,04/04/2025,74.2,1.086,80.8
14:58:10,04/04/2025,74.2,1.087,80.9
14:58:11,04/04/2025,74.2,1.087,80.9
14:58:14,04/04/2025,74.1,1.086,80.7
14:58:15,04/04/2025,74.2,1.086,80.7
14:58:16,04/04/2025,74.2,1.086,80.8
14:58:17,04/04/2025,74.2,1.086,80.7
14:58:19,04/04/2025,74.2,1.086,80.6
14:58:20,04/04/2025,74.2,1.086,80.6
14:58:21,04/04/2025,74.1,1.086,80.6
14:58:23,04/04/2025,74.1,1.086,80.6
14:58:24,04/04/2025,74.1,1.086,80.7
14:58:27,04/04/2025,74.1,1.086,80.7
14:58:27,04/04/2025,74.1,1.086,80.7
14:58:28,04/04/2025,74.2,1.087,80.8
14:58:30,04/04/2025,74.2,1.087,80.8
14:58:31,04/04/2025,74.2,1.086,80.7
14:58:34,04/04/2025,74.2,1.086,80.7
14:58:35,04/04/2025,74.2,1.086,80.7
14:58:37,04/04/2025,74.2,1.087,80.8
14:58:38,04/04/2025,74.2,1.087,80.8
14:58:39,04/04/2025,74.2,1.086,80.7
14:58:43,04/04/2025,74.2,1.086,80.7
14:58:44,04/04/2025,74.2,1.086,80.7
14:58:45,04/04/2025,74.2,1.086,80.7
14:58:46,04/04/2025,74.2,1.087,80.7
14:58:48,04/04/2025,74.2,1.087,80.7
14:58:49,04/04/2025,74.2,1.087,80.8
14:58:53,04/04/2025,74.3,1.088,81.0
14:58:55,04/04/2025,74.2,1.087,80.9
14:58:56,04/04/2025,74.2,1.087,80.8
14:58:57,04/04/2025,74.2,1.087,80.8
14:58:58,04/04/2025,74.2,1.087,80.8
14:58:59,04/04/2025,74.2,1.087,80.7
14:59:00,04/04/2025,74.2,1.087,80.7
14:59:02,04/04/2025,74.2,1.087,80.8
14:59:04,04/04/2025,74.2,1.087,80.8
14:59:05,04/04/2025,74.2,1.087,80.8
14:59:06,04/04/2025,74.2,1.086,80.8
14:59:07,04/04/2025,74.2,1.086,80.8
14:59:09,04/04/2025,74.2,1.087,80.9
14:59:13,04/04/2025,74.2,1.086,80.7
14:59:14,04/04/2025,74.2,1.086,80.6
14:59:16,04/04/2025,74.2,1.086,80.7
14:59:16,04/04/2025,74.2,1.087,80.7
14:59:18,04/04/2025,74.2,1.086,80.8
14:59:20,04/04/2025,74.1,1.086,80.7
14:59:23,04/04/2025,74.1,1.086,80.7
14:59:24,04/04/2025,74.1,1.086,80.6
14:59:25,04/04/2025,74.1,1.085,80.4
14:59:26,04/04/2025,74.1,1.085,80.4
14:59:29,04/04/2025,74.1,1.085,80.5
14:59:32,04/04/2025,74.1,1.085,80.6
14:59:33,04/04/2025,74.1,1.085,80.5
14:59:35,04/04/2025,74.1,1.085,80.5
14:59:36,04/04/2025,74.1,1.086,80.6
14:59:37,04/04/2025,74.1,1.086,80.6
14:59:40,04/04/2025,74.1,1.086,80.7
14:59:41,04/04/2025,74.1,1.085,80.6
14:59:43,04/04/2025,74.1,1.086,80.6
14:59:44,04/04/2025,74.1,1.085,80.5
14:59:45,04/04/2025,74.1,1.085,80.5
14:59:46,04/04/2025,74.1,1.086,80.7
14:59:48,04/04/2025,74.1,1.085,80.6
14:59:49,04/04/2025,74.1,1.085,80.7
14:59:50,04/04/2025,74.1,1.085,80.6
14:59:52,04/04/2025,74.1,1.085,80.5
14:59:53,04/04/2025,74.1,1.085,80.4
14:59:55,04/04/2025,74.1,1.084,80.6
14:59:57,04/04/2025,74.1,1.085,80.7
14:59:58,04/04/2025,74.1,1.085,80.7
14:59:59,04/04/2025,74.1,1.086,80.6
15:00:01,04/04/2025,74.1,1.085,80.5
15:00:03,04/04/2025,74.1,1.086,80.7
15:00:04,04/04/2025,74.1,1.086,80.7
15:00:05,04/04/2025,74.1,1.086,80.7
15:00:06,04/04/2025,74.2,1.086,80.8
15:00:09,04/04/2025,74.1,1.086,80.7
15:00:09,04/04/2025,74.1,1.086,80.6
15:00:11,04/04/2025,74.1,1.085,80.6
15:00:12,04/04/2025,74.2,1.086,80.7
15:00:14,04/04/2025,74.2,1.086,80.7
15:00:15,04/04/2025,74.2,1.086,80.7
15:00:18,04/04/2025,74.1,1.086,80.7
15:00:19,04/04/2025,74.1,1.086,80.7
15:00:21,04/04/2025,74.1,1.086,80.7
15:00:22,04/04/2025,74.1,1.086,80.7
15:00:23,04/04/2025,74.2,1.087,80.8
15:00:24,04/04/2025,74.2,1.087,80.8
15:00:25,04/04/2025,74.2,1.087,80.8
15:00:26,04/04/2025,74.2,1.086,80.7
15:00:27,04/04/2025,74.1,1.086,80.6
15:00:28,04/04/2025,74.1,1.086,80.6
15:00:29,04/04/2025,74.1,1.085,80.5
15:00:31,04/04/2025,74.1,1.086,80.6
15:00:34,04/04/2025,74.3,1.088,80.8
15:00:35,04/04/2025,74.2,1.087,80.9
15:00:36,04/04/2025,74.2,1.087,80.8
15:00:38,04/04/2025,74.2,1.087,80.8
15:00:39,04/04/2025,74.2,1.087,80.8
15:00:41,04/04/2025,74.3,1.088,80.9
15:00:44,04/04/2025,74.3,1.087,80.9
15:00:45,04/04/2025,74.2,1.087,80.9
15:00:46,04/04/2025,74.2,1.087,80.8
15:00:47,04/04/2025,74.2,1.087,80.8
15:00:50,04/04/2025,74.2,1.087,80.9
15:00:52,04/04/2025,74.2,1.086,80.7
15:00:53,04/04/2025,74.2,1.087,80.8
15:00:54,04/04/2025,74.2,1.087,80.8
15:00:56,04/04/2025,74.2,1.087,80.8
15:00:56,04/04/2025,74.2,1.087,80.8
15:00:57,04/04/2025,74.2,1.087,80.7
15:00:59,04/04/2025,74.3,1.088,80.9
15:01:00,04/04/2025,74.3,1.088,80.9
15:01:01,04/04/2025,74.3,1.088,80.9
15:01:02,04/04/2025,74.3,1.088,81.0
15:01:03,04/04/2025,74.3,1.089,81.1
15:01:05,04/04/2025,74.3,1.089,81.1
15:01:10,04/04/2025,74.4,1.089,81.1
15:01:11,04/04/2025,74.3,1.089,81.2
15:01:12,04/04/2025,74.3,1.089,81.1
15:01:14,04/04/2025,74.4,1.089,81.2
15:01:15,04/04/2025,74.4,1.089,81.2
15:01:17,04/04/2025,74.4,1.089,81.2
15:01:18,04/04/2025,74.4,1.09,81.2
15:01:20,04/04/2025,74.4,1.09,81.2
15:01:21,04/04/2025,74.4,1.09,81.2
15:01:22,04/04/2025,74.4,1.089,81.2
15:01:26,04/04/2025,74.3,1.089,81.1
15:01:26,04/04/2025,74.3,1.088,81.0
15:01:28,04/04/2025,74.4,1.089,81.1
15:01:29,04/04/2025,74.3,1.089,81.1
15:01:30,04/04/2025,74.4,1.089,81.1
15:01:34,04/04/2025,74.4,1.089,81.2
15:01:37,04/04/2025,74.3,1.088,81.1
15:01:37,04/04/2025,74.3,1.088,81.0
15:01:40,04/04/2025,74.3,1.089,81.1
15:01:42,04/04/2025,74.3,1.088,81.1
15:01:43,04/04/2025,74.4,1.089,81.2
15:01:43,04/04/2025,74.3,1.089,81.2
15:01:45,04/04/2025,74.4,1.089,81.2
15:01:46,04/04/2025,74.3,1.089,81.1
15:01:49,04/04/2025,74.4,1.09,81.2
15:01:54,04/04/2025,74.4,1.09,81.3
15:01:54,04/04/2025,74.4,1.09,81.3
15:01:55,04/04/2025,74.4,1.09,81.3
15:01:56,04/04/2025,74.5,1.09,81.3
15:01:58,04/04/2025,74.4,1.09,81.3
15:01:59,04/04/2025,74.4,1.09,81.3
15:02:00,04/04/2025,74.4,1.09,81.3
15:02:03,04/04/2025,74.4,1.09,81.3
15:02:05,04/04/2025,74.4,1.09,81.3
15:02:06,04/04/2025,74.4,1.09,81.3
15:02:07,04/04/2025,74.5,1.09,81.3
15:02:09,04/04/2025,74.4,1.09,81.3
15:02:10,04/04/2025,74.5,1.09,81.3
15:02:12,04/04/2025,74.5,1.091,81.4
15:02:13,04/04/2025,74.5,1.091,81.5
15:02:15,04/04/2025,74.5,1.091,81.4
15:02:17,04/04/2025,74.5,1.091,81.4
15:02:19,04/04/2025,74.5,1.091,81.4
15:02:20,04/04/2025,74.5,1.091,81.4
15:02:21,04/04/2025,74.5,1.091,81.4
15:02:23,04/04/2025,74.5,1.092,81.5
15:02:26,04/04/2025,74.5,1.09,81.3
15:02:27,04/04/2025,74.5,1.09,81.3
15:02:28,04/04/2025,74.5,1.091,81.4
15:02:29,04/04/2025,74.5,1.091,81.4
15:02:31,04/04/2025,74.5,1.091,81.4
15:02:33,04/04/2025,74.5,1.091,81.4
15:02:35,04/04/2025,74.5,1.09,81.4
15:02:36,04/04/2025,74.5,1.091,81.4
15:02:37,04/04/2025,74.4,1.09,81.3
15:02:38,04/04/2025,74.4,1.09,81.3
15:02:40,04/04/2025,74.4,1.089,81.1
15:02:41,04/04/2025,74.5,1.09,81.3
15:02:43,04/04/2025,74.5,1.091,81.4
15:02:44,04/04/2025,74.5,1.091,81.4
15:02:46,04/04/2025,74.5,1.091,81.4
15:02:46,04/04/2025,74.5,1.091,81.4
15:02:48,04/04/2025,74.5,1.091,81.4
15:02:50,04/04/2025,74.5,1.091,81.4
15:02:51,04/04/2025,74.5,1.091,81.5
15:02:52,04/04/2025,74.5,1.091,81.4
15:02:54,04/04/2025,74.5,1.091,81.4
15:02:55,04/04/2025,74.5,1.091,81.4
15:02:57,04/04/2025,74.4,1.09,81.2
15:02:58,04/04/2025,74.4,1.09,81.3
15:03:00,04/04/2025,74.4,1.09,81.2
15:03:01,04/04/2025,74.4,1.09,81.3
15:03:02,04/04/2025,74.4,1.09,81.2
15:03:04,04/04/2025,74.4,1.089,81.2
15:03:07,04/04/2025,74.4,1.089,81.1
15:03:08,04/04/2025,74.4,1.089,81.1
15:03:09,04/04/2025,74.4,1.09,81.2
15:03:11,04/04/2025,74.4,1.09,81.2
15:03:12,04/04/2025,74.4,1.09,81.3
15:03:14,04/04/2025,74.4,1.09,81.3
15:03:16,04/04/2025,74.2,1.087,80.8
15:03:17,04/04/2025,74.2,1.087,80.9
15:03:18,04/04/2025,74.2,1.087,80.9
15:03:21,04/04/2025,74.2,1.087,80.8
15:03:22,04/04/2025,74.2,1.087,80.8
15:03:23,04/04/2025,74.2,1.087,80.8
15:03:27,04/04/2025,74.2,1.086,80.7
15:03:28,04/04/2025,74.2,1.086,80.7
15:03:29,04/04/2025,74.2,1.087,80.7
15:03:31,04/04/2025,74.2,1.087,80.9
15:03:32,04/04/2025,74.3,1.087,80.9
15:03:35,04/04/2025,74.2,1.087,80.9
15:03:36,04/04/2025,74.3,1.088,81.0
15:03:37,04/04/2025,74.2,1.087,80.8
15:03:39,04/04/2025,74.2,1.087,80.8
15:03:40,04/04/2025,74.2,1.087,80.8
15:03:41,04/04/2025,74.2,1.087,80.8
15:03:42,04/04/2025,74.2,1.087,80.8
15:03:43,04/04/2025,74.2,1.087,80.8
15:03:44,04/04/2025,74.2,1.087,80.8
15:03:45,04/04/2025,74.2,1.087,80.8
15:03:49,04/04/2025,74.2,1.087,80.9
15:03:49,04/04/2025,74.2,1.086,80.8
15:03:51,04/04/2025,74.2,1.087,80.9
15:03:52,04/04/2025,74.2,1.087,80.8
15:03:53,04/04/2025,74.2,1.087,80.8
15:03:56,04/04/2025,74.2,1.087,80.7
15:04:00,04/04/2025,74.2,1.087,80.8
15:04:01,04/04/2025,74.2,1.087,80.9
15:04:02,04/04/2025,74.2,1.087,80.8
15:04:04,04/04/2025,74.2,1.087,80.8
15:04:05,04/04/2025,74.3,1.088,81.0
15:04:07,04/04/2025,74.3,1.087,80.9
15:04:08,04/04/2025,74.3,1.088,80.9
15:04:09,04/04/2025,74.3,1.088,80.9
15:04:11,04/04/2025,74.3,1.088,80.9
15:04:12,04/04/2025,74.3,1.088,80.9
15:04:13,04/04/2025,74.3,1.088,80.9
15:04:14,04/04/2025,74.3,1.088,80.9
15:04:15,04/04/2025,74.3,1.088,80.9
15:04:17,04/04/2025,74.3,1.088,81.0
15:04:19,04/04/2025,74.3,1.088,81.1
15:04:20,04/04/2025,74.3,1.088,81.1
15:04:21,04/04/2025,74.3,1.088,81.0
15:04:22,04/04/2025,74.3,1.088,81.0
15:04:24,04/04/2025,74.3,1.088,81.0
15:04:26,04/04/2025,74.3,1.088,81.0
15:04:29,04/04/2025,74.3,1.087,80.9
15:04:33,04/04/2025,74.3,1.088,81.0
15:04:34,04/04/2025,74.3,1.088,80.9
15:04:35,04/04/2025,74.3,1.088,81.0
15:04:36,04/04/2025,74.3,1.088,81.0
15:04:39,04/04/2025,74.3,1.088,81.0
15:04:42,04/04/2025,74.3,1.088,81.0
15:04:43,04/04/2025,74.3,1.088,81.0
15:04:44,04/04/2025,74.3,1.088,81.0
15:04:45,04/04/2025,74.3,1.089,81.0
15:04:47,04/04/2025,74.4,1.089,81.1
15:04:50,04/04/2025,74.3,1.088,81.0
15:04:51,04/04/2025,74.3,1.088,80.9
15:04:52,04/04/2025,74.3,1.088,81.0
15:04:54,04/04/2025,74.3,1.088,81.1
15:04:56,04/04/2025,74.3,1.088,81.0
15:04:57,04/04/2025,74.3,1.088,81.1
15:04:59,04/04/2025,74.3,1.088,81.1
15:05:00,04/04/2025,74.3,1.088,81.1
15:05:01,04/04/2025,74.3,1.088,81.0
15:05:02,04/04/2025,74.3,1.088,81.0
15:05:04,04/04/2025,74.3,1.088,80.9
15:05:08,04/04/2025,74.3,1.088,80.9
15:05:09,04/04/2025,74.2,1.087,80.9
15:05:11,04/04/2025,74.3,1.088,81.0
15:05:12,04/04/2025,74.3,1.088,81.0
15:05:13,04/04/2025,74.3,1.088,81.0
15:05:14,04/04/2025,74.3,1.087,81.0
15:05:15,04/04/2025,74.2,1.087,80.9
15:05:16,04/04/2025,74.3,1.088,80.9
15:05:17,04/04/2025,74.3,1.087,80.9
15:05:19,04/04/2025,74.3,1.088,80.9
15:05:20,04/04/2025,74.3,1.088,80.9
15:05:21,04/04/2025,74.3,1.087,80.9
15:05:24,04/04/2025,74.3,1.088,81.0
15:05:26,04/04/2025,74.3,1.088,81.1
15:05:27,04/04/2025,74.3,1.088,81.1
15:05:28,04/04/2025,74.3,1.088,81.0
15:05:30,04/04/2025,74.2,1.087,80.9
15:05:31,04/04/2025,74.2,1.087,80.8
15:05:32,04/04/2025,74.3,1.088,80.9
15:05:33,04/04/2025,74.2,1.087,80.8
15:05:34,04/04/2025,74.3,1.087,80.9
15:05:36,04/04/2025,74.3,1.088,80.9
15:05:38,04/04/2025,74.3,1.088,81.0
15:05:40,04/04/2025,74.3,1.088,81.0
15:05:41,04/04/2025,74.2,1.087,80.9
15:05:43,04/04/2025,74.2,1.087,80.8
15:05:46,04/04/2025,74.3,1.088,80.9
15:05:50,04/04/2025,74.2,1.087,80.9
15:05:51,04/04/2025,74.2,1.087,80.8
15:05:52,04/04/2025,74.2,1.086,80.7
15:05:54,04/04/2025,74.2,1.086,80.7
15:05:55,04/04/2025,74.2,1.087,80.7
15:05:56,04/04/2025,74.2,1.086,80.8
15:05:58,04/04/2025,74.2,1.086,80.8
15:06:01,04/04/2025,74.1,1.085,80.5
15:06:03,04/04/2025,74.1,1.086,80.6
15:06:04,04/04/2025,74.1,1.086,80.7
15:06:06,04/04/2025,74.1,1.086,80.7
15:06:07,04/04/2025,74.2,1.086,80.7
15:06:09,04/04/2025,74.1,1.086,80.6
15:06:10,04/04/2025,74.2,1.086,80.6
15:06:15,04/04/2025,74.2,1.087,80.9
15:06:16,04/04/2025,74.2,1.087,80.9
15:06:17,04/04/2025,74.2,1.086,80.7
15:06:19,04/04/2025,74.2,1.087,80.8
15:06:21,04/04/2025,74.2,1.087,80.7
15:06:23,04/04/2025,74.2,1.087,80.9
15:06:24,04/04/2025,74.2,1.087,80.9
15:06:24,04/04/2025,74.2,1.087,80.9
15:06:26,04/04/2025,74.2,1.087,80.9
15:06:28,04/04/2025,74.2,1.087,80.9
15:06:30,04/04/2025,74.2,1.087,80.8
15:06:31,04/04/2025,74.2,1.087,80.8
15:06:33,04/04/2025,74.1,1.086,80.7
15:06:34,04/04/2025,74.1,1.086,80.6
15:06:35,04/04/2025,74.1,1.085,80.6
15:06:36,04/04/2025,74.1,1.086,80.7
15:06:41,04/04/2025,74.1,1.085,80.5
15:06:42,04/04/2025,74.1,1.085,80.5
15:06:43,04/04/2025,74.1,1.085,80.4
15:06:45,04/04/2025,74.1,1.085,80.6
15:06:46,04/04/2025,74.1,1.086,80.7
15:06:49,04/04/2025,74.1,1.085,80.6
15:06:50,04/04/2025,74.1,1.085,80.6
15:06:52,04/04/2025,74.1,1.085,80.6
15:06:53,04/04/2025,74.1,1.085,80.4
15:06:54,04/04/2025,74.1,1.085,80.5
15:06:57,04/04/2025,74.1,1.086,80.6
15:06:58,04/04/2025,74.1,1.085,80.6
15:06:59,04/04/2025,74.0,1.084,80.4
15:07:00,04/04/2025,74.0,1.084,80.5
15:07:01,04/04/2025,74.0,1.084,80.5
15:07:02,04/04/2025,74.1,1.085,80.5
15:07:04,04/04/2025,74.0,1.084,80.4
15:07:04,04/04/2025,74.0,1.085,80.5
15:07:06,04/04/2025,74.1,1.085,80.5
15:07:07,04/04/2025,74.0,1.084,80.3
15:07:08,04/04/2025,74.0,1.084,80.3
15:07:09,04/04/2025,74.0,1.084,80.3
15:07:11,04/04/2025,74.0,1.084,80.3
15:07:12,04/04/2025,74.0,1.084,80.3
15:07:13,04/04/2025,74.0,1.084,80.3
15:07:14,04/04/2025,74.0,1.084,80.4
15:07:16,04/04/2025,74.0,1.084,80.4
15:07:17,04/04/2025,74.0,1.084,80.4
15:07:19,04/04/2025,74.0,1.084,80.4
15:07:21,04/04/2025,74.0,1.084,80.4
15:07:23,04/04/2025,74.0,1.084,80.4
15:07:24,04/04/2025,74.1,1.084,80.4
15:07:25,04/04/2025,74.1,1.085,80.5
15:07:27,04/04/2025,74.1,1.086,80.6
15:07:30,04/04/2025,74.1,1.086,80.6
15:07:31,04/04/2025,74.1,1.086,80.7
15:07:32,04/04/2025,74.2,1.086,80.8
15:07:34,04/04/2025,74.2,1.086,80.7
15:07:38,04/04/2025,74.1,1.086,80.6
15:07:39,04/04/2025,74.1,1.086,80.6
15:07:43,04/04/2025,74.1,1.085,80.6
15:07:45,04/04/2025,74.2,1.086,80.8
15:07:46,04/04/2025,74.2,1.086,80.8
15:07:47,04/04/2025,74.2,1.086,80.7
15:07:49,04/04/2025,74.2,1.086,80.7
15:07:50,04/04/2025,74.2,1.086,80.7
15:07:52,04/04/2025,74.2,1.087,80.7
15:07:53,04/04/2025,74.2,1.086,80.7
15:07:55,04/04/2025,74.2,1.087,80.8
15:07:56,04/04/2025,74.2,1.087,80.8
15:07:57,04/04/2025,74.2,1.087,80.8
15:07:59,04/04/2025,74.2,1.087,80.8
15:08:02,04/04/2025,74.2,1.087,80.8
15:08:03,04/04/2025,74.2,1.087,80.7
15:08:04,04/04/2025,74.2,1.087,80.7
15:08:06,04/04/2025,74.2,1.086,80.7
15:08:07,04/04/2025,74.2,1.086,80.7
15:08:09,04/04/2025,74.1,1.085,80.6
15:08:11,04/04/2025,74.2,1.086,80.7
15:08:11,04/04/2025,74.2,1.086,80.7
15:08:12,04/04/2025,74.2,1.086,80.7
15:08:15,04/04/2025,74.2,1.087,80.8
15:08:17,04/04/2025,74.2,1.086,80.7
15:08:20,04/04/2025,74.2,1.086,80.8
15:08:21,04/04/2025,74.2,1.086,80.7
15:08:23,04/04/2025,74.2,1.086,80.7
15:08:24,04/04/2025,74.2,1.087,80.7
15:08:26,04/04/2025,74.2,1.086,80.7
15:08:27,04/04/2025,74.2,1.086,80.7
15:08:28,04/04/2025,74.2,1.087,80.7
15:08:30,04/04/2025,74.2,1.086,80.7
15:08:31,04/04/2025,74.2,1.086,80.7
15:08:32,04/04/2025,74.2,1.087,80.8
15:08:33,04/04/2025,74.2,1.087,80.7
15:08:35,04/04/2025,74.2,1.087,80.9
15:08:36,04/04/2025,74.2,1.087,80.8
15:08:37,04/04/2025,74.2,1.087,80.8
15:08:39,04/04/2025,74.3,1.087,80.8
15:08:40,04/04/2025,74.2,1.087,80.8
15:08:41,04/04/2025,74.3,1.088,81.0
15:08:43,04/04/2025,74.3,1.088,80.9
15:08:44,04/04/2025,74.3,1.088,80.9
15:08:45,04/04/2025,74.3,1.088,80.9
15:08:47,04/04/2025,74.3,1.088,80.9
15:08:48,04/04/2025,74.2,1.087,80.9
15:08:51,04/04/2025,74.2,1.087,80.8
15:08:52,04/04/2025,74.2,1.087,80.8
15:08:56,04/04/2025,74.2,1.087,80.8
15:08:58,04/04/2025,74.2,1.087,80.8
15:08:59,04/04/2025,74.2,1.087,80.8
15:09:00,04/04/2025,74.3,1.087,80.9
15:09:01,04/04/2025,74.2,1.087,80.8
15:09:03,04/04/2025,74.2,1.087,80.8
15:09:04,04/04/2025,74.2,1.087,80.8
15:09:05,04/04/2025,74.2,1.087,80.8
15:09:06,04/04/2025,74.2,1.087,80.8
15:09:09,04/04/2025,74.2,1.087,80.8
15:09:11,04/04/2025,74.2,1.087,80.8
15:09:12,04/04/2025,74.2,1.087,80.8
15:09:13,04/04/2025,74.3,1.088,81.0
15:09:14,04/04/2025,74.3,1.087,80.9
15:09:16,04/04/2025,74.3,1.087,80.9
15:09:18,04/04/2025,74.2,1.087,80.9
15:09:21,04/04/2025,74.2,1.086,80.8
15:09:22,04/04/2025,74.2,1.087,80.8
15:09:24,04/04/2025,74.2,1.086,80.7
15:09:25,04/04/2025,74.2,1.087,80.8
15:09:25,04/04/2025,74.2,1.087,80.8
15:09:27,04/04/2025,74.2,1.087,80.8
15:09:28,04/04/2025,74.2,1.087,80.8
15:09:29,04/04/2025,74.2,1.087,80.8
15:09:31,04/04/2025,74.2,1.087,80.8
15:09:33,04/04/2025,74.2,1.087,80.8
15:09:34,04/04/2025,74.2,1.087,80.7
15:09:35,04/04/2025,74.2,1.087,80.8
15:09:37,04/04/2025,74.2,1.087,80.8
15:09:38,04/04/2025,74.2,1.087,80.8
15:09:39,04/04/2025,74.2,1.087,80.8
15:09:41,04/04/2025,74.2,1.087,80.8
15:09:43,04/04/2025,74.2,1.086,80.8
15:09:44,04/04/2025,74.2,1.086,80.8
15:09:45,04/04/2025,74.2,1.087,80.8
15:09:47,04/04/2025,74.2,1.087,80.8
15:09:48,04/04/2025,74.2,1.086,80.8
15:09:49,04/04/2025,74.2,1.087,80.8
15:09:53,04/04/2025,74.2,1.087,80.9
15:09:54,04/04/2025,74.3,1.088,80.9
15:09:56,04/04/2025,74.2,1.087,80.8
15:09:57,04/04/2025,74.2,1.087,80.8
15:10:01,04/04/2025,74.3,1.089,81.1
15:10:03,04/04/2025,74.3,1.088,81.0
15:10:04,04/04/2025,74.3,1.088,81.0
15:10:05,04/04/2025,74.3,1.088,80.9
15:10:08,04/04/2025,74.3,1.088,80.9
15:10:12,04/04/2025,74.3,1.088,81.0
15:10:13,04/04/2025,74.3,1.088,81.1
15:10:15,04/04/2025,74.3,1.089,81.1
15:10:19,04/04/2025,74.3,1.088,81.0
15:10:21,04/04/2025,74.3,1.089,81.1
15:10:23,04/04/2025,74.3,1.088,81.0
15:10:25,04/04/2025,74.3,1.089,81.1
15:10:25,04/04/2025,74.3,1.089,81.0
15:10:26,04/04/2025,74.3,1.089,81.1
15:10:28,04/04/2025,74.3,1.088,80.9
15:10:29,04/04/2025,74.3,1.089,81.0
15:10:30,04/04/2025,74.3,1.088,81.0
15:10:32,04/04/2025,74.3,1.088,81.0
15:10:34,04/04/2025,74.3,1.088,81.0
15:10:35,04/04/2025,74.3,1.088,81.0
15:10:37,04/04/2025,74.3,1.088,81.1
15:10:38,04/04/2025,74.3,1.089,81.1
15:10:40,04/04/2025,74.3,1.089,81.1
15:10:42,04/04/2025,74.3,1.088,81.0
15:10:43,04/04/2025,74.3,1.088,81.0
15:10:44,04/04/2025,74.3,1.088,81.0
15:10:47,04/04/2025,74.3,1.088,81.0
15:10:48,04/04/2025,74.3,1.088,81.0
15:10:49,04/04/2025,74.3,1.089,81.1
15:10:51,04/04/2025,74.4,1.089,81.1
15:10:52,04/04/2025,74.3,1.088,81.0
15:10:53,04/04/2025,74.3,1.088,81.0
15:10:54,04/04/2025,74.3,1.088,81.0
15:10:56,04/04/2025,74.4,1.089,81.1
15:10:59,04/04/2025,74.4,1.089,81.1
15:11:00,04/04/2025,74.3,1.089,81.1
15:11:01,04/04/2025,74.3,1.089,81.0
15:11:02,04/04/2025,74.3,1.089,81.0
15:11:04,04/04/2025,74.3,1.089,81.1
15:11:06,04/04/2025,74.4,1.089,81.2
15:11:07,04/04/2025,74.4,1.09,81.3
15:11:09,04/04/2025,74.4,1.09,81.3
15:11:12,04/04/2025,74.4,1.09,81.2
15:11:13,04/04/2025,74.4,1.089,81.1
15:11:14,04/04/2025,74.4,1.089,81.1
15:11:15,04/04/2025,74.4,1.089,81.1
15:11:16,04/04/2025,74.4,1.089,81.1
15:11:17,04/04/2025,74.4,1.089,81.1
15:11:19,04/04/2025,74.4,1.089,81.2
15:11:20,04/04/2025,74.3,1.089,81.1
15:11:22,04/04/2025,74.4,1.089,81.2
15:11:25,04/04/2025,74.3,1.088,81.1
15:11:26,04/04/2025,74.3,1.089,81.1
15:11:27,04/04/2025,74.4,1.089,81.1
15:11:28,04/04/2025,74.4,1.089,81.1
15:11:31,04/04/2025,74.4,1.089,81.1
15:11:32,04/04/2025,74.4,1.089,81.1
15:11:34,04/04/2025,74.4,1.089,81.1
15:11:35,04/04/2025,74.4,1.089,81.1
15:11:36,04/04/2025,74.4,1.09,81.2
15:11:38,04/04/2025,74.4,1.089,81.1
15:11:39,04/04/2025,74.3,1.089,81.1
15:11:40,04/04/2025,74.3,1.089,81.2
15:11:41,04/04/2025,74.3,1.088,81.0
15:11:43,04/04/2025,74.3,1.088,81.0
15:11:44,04/04/2025,74.3,1.088,81.0
15:11:45,04/04/2025,74.3,1.089,81.1
15:11:45,04/04/2025,74.3,1.088,81.1
15:11:50,04/04/2025,74.3,1.088,81.0
15:11:52,04/04/2025,74.3,1.088,80.9
15:11:53,04/04/2025,74.3,1.088,81.0
15:11:54,04/04/2025,74.3,1.088,81.0
15:11:55,04/04/2025,74.3,1.088,80.9
15:11:58,04/04/2025,74.3,1.087,80.9
15:12:00,04/04/2025,74.3,1.088,81.0
15:12:01,04/04/2025,74.3,1.088,81.0
15:12:02,04/04/2025,74.3,1.089,81.1
15:12:04,04/04/2025,74.3,1.088,81.0
15:12:04,04/04/2025,74.3,1.088,81.0
15:12:05,04/04/2025,74.3,1.088,81.0
15:12:08,04/04/2025,74.3,1.088,81.0
15:12:09,04/04/2025,74.3,1.088,81.0
15:12:11,04/04/2025,74.3,1.088,81.0
15:12:14,04/04/2025,74.3,1.088,80.9
15:12:15,04/04/2025,74.3,1.088,80.9
15:12:16,04/04/2025,74.3,1.088,80.9
15:12:17,04/04/2025,74.3,1.087,80.9
15:12:19,04/04/2025,74.3,1.087,80.9
15:12:20,04/04/2025,74.3,1.088,80.9
15:12:23,04/04/2025,74.3,1.088,81.0
15:12:25,04/04/2025,74.3,1.088,81.0
15:12:26,04/04/2025,74.2,1.087,80.9
15:12:27,04/04/2025,74.2,1.087,80.9
15:12:30,04/04/2025,74.3,1.088,80.9
15:12:31,04/04/2025,74.3,1.088,80.9
15:12:33,04/04/2025,74.3,1.088,81.0
15:12:34,04/04/2025,74.3,1.088,81.0
15:12:35,04/04/2025,74.3,1.088,81.0
15:12:36,04/04/2025,74.3,1.088,81.0
15:12:38,04/04/2025,74.3,1.088,81.0
15:12:39,04/04/2025,74.3,1.089,81.1
15:12:40,04/04/2025,74.3,1.088,80.9
15:12:41,04/04/2025,74.3,1.088,81.0
15:12:43,04/04/2025,74.3,1.088,81.0
15:12:44,04/04/2025,74.3,1.088,81.0
15:12:49,04/04/2025,74.3,1.089,81.1
15:12:51,04/04/2025,74.3,1.088,81.0
15:12:51,04/04/2025,74.3,1.089,81.1
15:12:53,04/04/2025,74.3,1.089,81.1
15:12:54,04/04/2025,74.3,1.088,81.0
15:12:56,04/04/2025,74.3,1.088,81.0
15:12:57,04/04/2025,74.3,1.088,80.9
15:12:58,04/04/2025,74.3,1.089,81.1
15:12:59,04/04/2025,74.3,1.089,81.0
15:13:02,04/04/2025,74.3,1.088,81.0
15:13:03,04/04/2025,74.3,1.088,81.0
15:13:04,04/04/2025,74.3,1.089,81.1
15:13:05,04/04/2025,74.3,1.088,81.0
15:13:06,04/04/2025,74.3,1.088,81.0
15:13:07,04/04/2025,74.3,1.089,81.1
15:13:10,04/04/2025,74.3,1.089,81.1
15:13:11,04/04/2025,74.3,1.089,81.1
15:13:12,04/04/2025,74.3,1.088,81.1
15:13:13,04/04/2025,74.3,1.089,81.1
15:13:15,04/04/2025,74.3,1.088,81.1
15:13:16,04/04/2025,74.3,1.089,81.1
15:13:19,04/04/2025,74.3,1.088,81.0
15:13:20,04/04/2025,74.3,1.088,81.0
15:13:21,04/04/2025,74.3,1.089,81.0
15:13:22,04/04/2025,74.3,1.088,81.0
15:13:23,04/04/2025,74.3,1.089,81.1
15:13:26,04/04/2025,74.3,1.089,81.1
15:13:28,04/04/2025,74.2,1.087,80.8
15:13:28,04/04/2025,74.2,1.087,80.8
15:13:30,04/04/2025,74.2,1.087,80.9
15:13:31,04/04/2025,74.2,1.087,80.9
15:13:33,04/04/2025,74.2,1.087,80.9
15:13:34,04/04/2025,74.2,1.087,80.8
15:13:35,04/04/2025,74.2,1.087,80.8
15:13:36,04/04/2025,74.2,1.087,80.9
15:13:38,04/04/2025,74.2,1.087,80.8
15:13:39,04/04/2025,74.2,1.087,80.8
15:13:41,04/04/2025,74.2,1.087,80.8
15:13:41,04/04/2025,74.2,1.087,80.8
15:13:42,04/04/2025,74.2,1.087,80.9
15:13:44,04/04/2025,74.2,1.087,80.7
15:13:46,04/04/2025,74.2,1.086,80.7
15:13:48,04/04/2025,74.3,1.087,80.9
15:13:49,04/04/2025,74.2,1.087,80.7
15:13:51,04/04/2025,74.2,1.086,80.8
15:13:53,04/04/2025,74.2,1.086,80.8
15:13:54,04/04/2025,74.2,1.087,80.8
15:13:56,04/04/2025,74.2,1.086,80.7
15:13:57,04/04/2025,74.1,1.086,80.7
15:13:59,04/04/2025,74.1,1.086,80.7
15:14:00,04/04/2025,74.2,1.086,80.7
15:14:02,04/04/2025,74.2,1.087,80.8
15:14:03,04/04/2025,74.2,1.087,80.7
15:14:05,04/04/2025,74.2,1.087,80.7
15:14:06,04/04/2025,74.2,1.087,80.8
15:14:07,04/04/2025,74.2,1.087,80.8
15:14:09,04/04/2025,74.2,1.086,80.7
15:14:13,04/04/2025,74.2,1.087,80.8
15:14:14,04/04/2025,74.2,1.086,80.8
15:14:15,04/04/2025,74.1,1.086,80.7
15:14:17,04/04/2025,74.2,1.087,80.9
15:14:19,04/04/2025,74.2,1.087,80.7
15:14:21,04/04/2025,74.2,1.087,80.7
15:14:22,04/04/2025,74.2,1.087,80.8
15:14:23,04/04/2025,74.2,1.087,80.8
15:14:25,04/04/2025,74.2,1.087,80.8
15:14:26,04/04/2025,74.2,1.087,80.8
15:14:28,04/04/2025,74.2,1.087,80.8
15:14:30,04/04/2025,74.2,1.087,80.9
15:14:33,04/04/2025,74.1,1.086,80.7
15:14:34,04/04/2025,74.1,1.086,80.7
15:14:35,04/04/2025,74.2,1.087,80.7
15:14:36,04/04/2025,74.2,1.087,80.8
15:14:38,04/04/2025,74.2,1.086,80.7
15:14:39,04/04/2025,74.2,1.086,80.7
15:14:41,04/04/2025,74.2,1.087,80.7
15:14:43,04/04/2025,74.2,1.086,80.6
15:14:44,04/04/2025,74.2,1.086,80.7
15:14:45,04/04/2025,74.2,1.087,80.8
15:14:46,04/04/2025,74.2,1.087,80.8
15:14:47,04/04/2025,74.2,1.087,80.8
15:14:49,04/04/2025,74.2,1.087,80.9
15:14:50,04/04/2025,74.2,1.087,80.8
15:14:51,04/04/2025,74.2,1.087,80.8
15:14:53,04/04/2025,74.2,1.087,80.7
15:14:55,04/04/2025,74.2,1.087,80.7
15:14:56,04/04/2025,74.2,1.086,80.7
15:14:57,04/04/2025,74.2,1.086,80.7
15:14:58,04/04/2025,74.2,1.086,80.7
15:15:00,04/04/2025,74.2,1.086,80.7
15:15:02,04/04/2025,74.2,1.086,80.8
15:15:03,04/04/2025,74.2,1.087,80.8
15:15:04,04/04/2025,74.2,1.086,80.7
15:15:06,04/04/2025,74.2,1.087,80.8
15:15:07,04/04/2025,74.2,1.087,80.7
15:15:09,04/04/2025,74.2,1.087,80.8
15:15:10,04/04/2025,74.2,1.087,80.8
15:15:11,04/04/2025,74.3,1.088,80.9
15:15:12,04/04/2025,74.3,1.088,80.9
15:15:14,04/04/2025,74.2,1.087,80.9
15:15:16,04/04/2025,74.2,1.087,80.9
15:15:17,04/04/2025,74.2,1.087,80.9
15:15:18,04/04/2025,74.2,1.087,80.9
15:15:19,04/04/2025,74.2,1.087,80.8
15:15:21,04/04/2025,74.2,1.087,80.8
15:15:23,04/04/2025,74.2,1.087,80.8
15:15:25,04/04/2025,74.2,1.087,80.7
15:15:26,04/04/2025,74.2,1.087,80.8
15:15:27,04/04/2025,74.2,1.087,80.8
15:15:28,04/04/2025,74.2,1.087,80.8
15:15:29,04/04/2025,74.2,1.087,80.8
15:15:32,04/04/2025,74.2,1.087,80.8
15:15:33,04/04/2025,74.2,1.087,80.9
15:15:34,04/04/2025,74.2,1.087,80.9
15:15:36,04/04/2025,74.2,1.087,80.9
15:15:38,04/04/2025,74.2,1.087,80.9
15:15:39,04/04/2025,74.2,1.087,80.8
15:15:41,04/04/2025,74.2,1.087,80.8
15:15:42,04/04/2025,74.2,1.087,80.7
15:15:43,04/04/2025,74.2,1.087,80.7
15:15:45,04/04/2025,74.3,1.088,80.9
15:15:47,04/04/2025,74.2,1.087,80.9
15:15:48,04/04/2025,74.3,1.088,81.0
15:15:50,04/04/2025,74.2,1.087,80.9
15:15:51,04/04/2025,74.3,1.088,81.0
15:15:53,04/04/2025,74.3,1.088,80.9
15:15:54,04/04/2025,74.3,1.088,80.9
15:15:55,04/04/2025,74.2,1.087,80.8
15:15:56,04/04/2025,74.3,1.088,80.9
15:15:58,04/04/2025,74.2,1.087,80.8
15:15:59,04/04/2025,74.2,1.087,80.8
15:16:01,04/04/2025,74.3,1.088,80.9
15:16:02,04/04/2025,74.2,1.087,80.9
15:16:05,04/04/2025,74.2,1.087,80.8
15:16:07,04/04/2025,74.2,1.087,80.9
15:16:08,04/04/2025,74.2,1.087,80.8
15:16:08,04/04/2025,74.2,1.087,80.9
15:16:11,04/04/2025,74.2,1.087,80.8
15:16:11,04/04/2025,74.2,1.087,80.8
15:16:12,04/04/2025,74.2,1.087,80.8
15:16:14,04/04/2025,74.2,1.087,80.9
15:16:15,04/04/2025,74.3,1.088,80.9
15:16:18,04/04/2025,74.3,1.088,80.9
15:16:19,04/04/2025,74.3,1.088,80.9
15:16:20,04/04/2025,74.3,1.088,80.9
15:16:21,04/04/2025,74.3,1.088,80.9
15:16:24,04/04/2025,74.3,1.088,81.0
15:16:26,04/04/2025,74.3,1.088,81.0
15:16:28,04/04/2025,74.3,1.088,81.0
15:16:30,04/04/2025,74.3,1.088,81.0
15:16:31,04/04/2025,74.3,1.088,81.0
15:16:33,04/04/2025,74.3,1.088,81.0
15:16:34,04/04/2025,74.3,1.088,81.0
15:16:37,04/04/2025,74.3,1.088,80.9
15:16:40,04/04/2025,74.2,1.087,80.9
15:16:41,04/04/2025,74.2,1.087,80.8
15:16:43,04/04/2025,74.2,1.087,80.9
15:16:44,04/04/2025,74.2,1.087,80.8
15:16:45,04/04/2025,74.2,1.087,80.8
15:16:49,04/04/2025,74.1,1.086,80.7
15:16:51,04/04/2025,74.2,1.086,80.7
15:16:52,04/04/2025,74.2,1.087,80.9
15:16:54,04/04/2025,74.2,1.087,80.9
15:16:56,04/04/2025,74.3,1.088,80.9
15:16:57,04/04/2025,74.3,1.088,80.9
15:16:58,04/04/2025,74.3,1.088,80.9
15:17:00,04/04/2025,74.3,1.088,81.0
15:17:04,04/04/2025,74.3,1.088,80.9
15:17:05,04/04/2025,74.3,1.088,80.9
15:17:07,04/04/2025,74.2,1.088,80.9
15:17:08,04/04/2025,74.3,1.088,80.9
15:17:09,04/04/2025,74.3,1.088,80.9
15:17:10,04/04/2025,74.3,1.088,80.9
15:17:12,04/04/2025,74.3,1.088,81.0
15:17:13,04/04/2025,74.3,1.088,80.9
15:17:15,04/04/2025,74.2,1.087,80.8
15:17:16,04/04/2025,74.2,1.087,80.8
15:17:17,04/04/2025,74.2,1.087,80.8
15:17:19,04/04/2025,74.2,1.087,80.9
15:17:21,04/04/2025,74.2,1.087,80.8
15:17:25,04/04/2025,74.3,1.088,80.9
15:17:28,04/04/2025,74.3,1.088,81.0
15:17:30,04/04/2025,74.3,1.088,81.1
15:17:31,04/04/2025,74.3,1.089,81.1
15:17:32,04/04/2025,74.3,1.089,81.1
15:17:34,04/04/2025,74.3,1.088,81.0
15:17:35,04/04/2025,74.2,1.087,80.8
15:17:37,04/04/2025,74.2,1.087,80.9
15:17:39,04/04/2025,74.2,1.086,80.8
15:17:42,04/04/2025,74.2,1.087,80.8
15:17:43,04/04/2025,74.2,1.087,80.8
15:17:45,04/04/2025,74.2,1.087,80.8
15:17:46,04/04/2025,74.3,1.088,80.8
15:17:48,04/04/2025,74.2,1.087,80.8
15:17:50,04/04/2025,74.2,1.086,80.7
15:17:52,04/04/2025,74.2,1.086,80.8
15:17:54,04/04/2025,74.2,1.087,80.8
15:17:55,04/04/2025,74.2,1.087,80.8
15:17:56,04/04/2025,74.2,1.086,80.7
15:17:58,04/04/2025,74.2,1.086,80.8
15:17:59,04/04/2025,74.3,1.088,81.0
15:18:01,04/04/2025,74.3,1.089,81.1
15:18:02,04/04/2025,74.3,1.089,81.1
15:18:03,04/04/2025,74.3,1.089,81.1
15:18:05,04/04/2025,74.4,1.089,81.2
15:18:07,04/04/2025,74.4,1.089,81.2
15:18:08,04/04/2025,74.4,1.09,81.3
15:18:10,04/04/2025,74.4,1.089,81.2
15:18:11,04/04/2025,74.4,1.089,81.2
15:18:12,04/04/2025,74.4,1.09,81.3
15:18:13,04/04/2025,74.4,1.09,81.3
15:18:15,04/04/2025,74.4,1.09,81.3
15:18:16,04/04/2025,74.4,1.09,81.2
15:18:18,04/04/2025,74.4,1.089,81.1
15:18:19,04/04/2025,74.3,1.089,81.0
15:18:20,04/04/2025,74.4,1.089,81.1
15:18:22,04/04/2025,74.4,1.089,81.2
15:18:23,04/04/2025,74.4,1.089,81.1
15:18:24,04/04/2025,74.3,1.089,81.0
15:18:25,04/04/2025,74.4,1.089,81.1
15:18:26,04/04/2025,74.3,1.088,81.0
15:18:28,04/04/2025,74.3,1.088,81.0
15:18:30,04/04/2025,74.3,1.088,81.0
15:18:31,04/04/2025,74.3,1.089,81.1
15:18:32,04/04/2025,74.3,1.089,81.0
15:18:33,04/04/2025,74.3,1.088,81.0
15:18:35,04/04/2025,74.3,1.089,81.1
15:18:36,04/04/2025,74.3,1.089,81.1
15:18:37,04/04/2025,74.3,1.088,81.0
15:18:38,04/04/2025,74.3,1.088,81.1
15:18:39,04/04/2025,74.3,1.088,81.1
15:18:41,04/04/2025,74.3,1.089,81.1
15:18:42,04/04/2025,74.3,1.088,80.9
15:18:44,04/04/2025,74.2,1.087,80.8
15:18:45,04/04/2025,74.2,1.087,80.8
15:18:47,04/04/2025,74.2,1.087,80.9
15:18:48,04/04/2025,74.2,1.087,80.9
15:18:49,04/04/2025,74.3,1.088,80.9
15:18:50,04/04/2025,74.3,1.088,81.0
15:18:53,04/04/2025,74.3,1.088,81.0
15:18:55,04/04/2025,74.3,1.088,81.0
15:18:55,04/04/2025,74.3,1.088,80.9
15:18:57,04/04/2025,74.3,1.087,80.9
15:18:58,04/04/2025,74.3,1.088,80.9
15:19:00,04/04/2025,74.2,1.087,80.9
15:19:04,04/04/2025,74.3,1.088,80.9
15:19:06,04/04/2025,74.2,1.087,80.9
15:19:08,04/04/2025,74.3,1.088,81.0
15:19:09,04/04/2025,74.3,1.088,80.9
15:19:11,04/04/2025,74.2,1.087,80.8
15:19:12,04/04/2025,74.3,1.088,80.9
15:19:15,04/04/2025,74.3,1.088,80.9
15:19:16,04/04/2025,74.3,1.088,80.9
15:19:16,04/04/2025,74.3,1.088,80.9
15:19:18,04/04/2025,74.2,1.087,80.8
15:19:19,04/04/2025,74.2,1.086,80.8
15:19:20,04/04/2025,74.2,1.087,80.8
15:19:21,04/04/2025,74.2,1.087,80.8
15:19:23,04/04/2025,74.2,1.087,80.8
15:19:24,04/04/2025,74.2,1.086,80.7
15:19:25,04/04/2025,74.2,1.087,80.7
15:19:26,04/04/2025,74.3,1.087,80.9
15:19:28,04/04/2025,74.3,1.088,80.9
15:19:29,04/04/2025,74.3,1.088,80.9
15:19:30,04/04/2025,74.3,1.088,80.9
15:19:31,04/04/2025,74.3,1.087,80.9
15:19:32,04/04/2025,74.3,1.088,80.9
15:19:36,04/04/2025,74.2,1.087,80.8
15:19:37,04/04/2025,74.2,1.087,80.9
15:19:38,04/04/2025,74.2,1.087,80.8
15:19:39,04/04/2025,74.2,1.087,80.9
15:19:40,04/04/2025,74.2,1.087,80.8
15:19:41,04/04/2025,74.2,1.087,80.8
15:19:42,04/04/2025,74.2,1.086,80.7
15:19:43,04/04/2025,74.2,1.086,80.8
15:19:45,04/04/2025,74.2,1.087,80.8
15:19:46,04/04/2025,74.2,1.087,80.8
15:19:48,04/04/2025,74.2,1.087,80.8
15:19:49,04/04/2025,74.3,1.088,80.9
15:19:50,04/04/2025,74.3,1.087,80.9
15:19:51,04/04/2025,74.2,1.087,80.8
15:19:54,04/04/2025,74.3,1.088,80.9
15:19:55,04/04/2025,74.3,1.088,81.0
15:19:57,04/04/2025,74.2,1.087,80.8
15:19:58,04/04/2025,74.3,1.087,80.9
15:20:01,04/04/2025,74.2,1.087,80.9
15:20:02,04/04/2025,74.3,1.087,80.9
15:20:02,04/04/2025,72.7,1.065,80.9
15:20:05,04/04/2025,0.0,0.0,0.0
15:20:06,04/04/2025,0.0,0.0,0.0
15:20:09,04/04/2025,0.0,0.0,0.0
15:20:10,04/04/2025,0.0,0.0,0.0
15:20:11,04/04/2025,0.0,0.0,0.0
15:20:12,04/04/2025,0.0,0.0,0.0
15:20:13,04/04/2025,0.0,0.0,0.0
15:20:17,04/04/2025,0.0,0.0,0.0
15:20:18,04/04/2025,0.0,0.0,0.0
15:20:19,04/04/2025,0.0,0.0,0.0
15:20:20,04/04/2025,0.0,0.0,0.0
15:20:21,04/04/2025,0.0,0.0,0.0
15:20:24,04/04/2025,0.0,0.0,0.0
15:20:27,04/04/2025,0.0,0.0,0.0
15:20:29,04/04/2025,0.0,0.0,0.0
15:20:30,04/04/2025,0.0,0.0,0.0
15:20:31,04/04/2025,0.0,0.0,0.0
15:20:33,04/04/2025,0.0,0.0,0.0
